 <<< Combine >>> 
 <<< v10.0.1 >>>
>>> Random number generator seed is 123456
>>> Method used is AsymptoticLimits
============================================================
Analyzing bin errors for: prop_binMixSR0fjets
Poisson cut-off: 0
Processes excluded for sums: TprimeToTZ_700
============================================================
Bin        Contents        Error           Notes                         
0          11.539456       3.787180        total sum                     
0          11.532545       3.787177        excluding marked processes    
0          9.000000        3.000000        Unweighted events, alpha=1.282162
  => Total parameter prop_binMixSR0fjets_bin0[0.00,-7.00,7.00] to be Gaussian constrained
------------------------------------------------------------
1          5.978852        1.787221        total sum                     
1          5.954936        1.787170        excluding marked processes    
1          11.000000       3.316625        Unweighted events, alpha=0.543532
  => Total parameter prop_binMixSR0fjets_bin1[0.00,-7.00,7.00] to be Gaussian constrained
------------------------------------------------------------
2          3.418714        1.439532        total sum                     
2          3.398866        1.439463        excluding marked processes    
2          6.000000        2.449490        Unweighted events, alpha=0.569786
  => Total parameter prop_binMixSR0fjets_bin2[0.00,-7.00,7.00] to be Gaussian constrained
------------------------------------------------------------
3          2.235214        1.318190        total sum                     
3          2.226283        1.318159        excluding marked processes    
3          3.000000        1.732051        Unweighted events, alpha=0.745071
  => Total parameter prop_binMixSR0fjets_bin3[0.00,-7.00,7.00] to be Gaussian constrained
------------------------------------------------------------
4          0.953149        0.439597        total sum                     
4          0.953149        0.439597        excluding marked processes    
4          5.000000        2.236068        Unweighted events, alpha=0.190630
  => Total parameter prop_binMixSR0fjets_bin4[0.00,-7.00,7.00] to be Gaussian constrained
------------------------------------------------------------
5          1.592807        1.085526        total sum                     
5          1.592807        1.085526        excluding marked processes    
5          2.000000        1.414214        Unweighted events, alpha=0.796403
  => Total parameter prop_binMixSR0fjets_bin5[0.00,-7.00,7.00] to be Gaussian constrained
------------------------------------------------------------
6          0.187741        0.094771        total sum                     
6          0.187741        0.094771        excluding marked processes    
6          4.000000        2.000000        Unweighted events, alpha=0.046935
  => Total parameter prop_binMixSR0fjets_bin6[0.00,-7.00,7.00] to be Gaussian constrained
------------------------------------------------------------
7          0.142567        0.086818        total sum                     
7          0.142567        0.086818        excluding marked processes    
7          3.000000        1.732051        Unweighted events, alpha=0.047522
  => Total parameter prop_binMixSR0fjets_bin7[0.00,-7.00,7.00] to be Gaussian constrained
------------------------------------------------------------
8          0.019115        0.019115        total sum                     
8          0.019115        0.019115        excluding marked processes    
8          1.000000        1.000000        Unweighted events, alpha=0.019115
  => Total parameter prop_binMixSR0fjets_bin8[0.00,-7.00,7.00] to be Gaussian constrained
------------------------------------------------------------
9          0.032674        0.023262        total sum                     
9          0.032674        0.023262        excluding marked processes    
9          2.000000        1.414214        Unweighted events, alpha=0.016337
  => Total parameter prop_binMixSR0fjets_bin9[0.00,-7.00,7.00] to be Gaussian constrained
------------------------------------------------------------
10         0.000000        0.000000        total sum                     
10         0.000000        0.000000        excluding marked processes    
  => Error is zero, ignore      
------------------------------------------------------------
11         0.000000        0.000000        total sum                     
11         0.000000        0.000000        excluding marked processes    
  => Error is zero, ignore      
------------------------------------------------------------
12         0.000000        0.000000        total sum                     
12         0.000000        0.000000        excluding marked processes    
  => Error is zero, ignore      
------------------------------------------------------------
============================================================
Analyzing bin errors for: prop_binMixSRatleast1fjets
Poisson cut-off: 0
Processes excluded for sums: TprimeToTZ_700
============================================================
Bin        Contents        Error           Notes                         
0          9.835771        2.715661        total sum                     
0          9.779481        2.715573        excluding marked processes    
0          13.000000       3.605551        Unweighted events, alpha=0.756598
  => Total parameter prop_binMixSRatleast1fjets_bin0[0.00,-7.00,7.00] to be Gaussian constrained
------------------------------------------------------------
1          4.549376        0.601754        total sum                     
1          4.427833        0.600797        excluding marked processes    
1          54.000000       7.348469        Unweighted events, alpha=0.084248
  => Total parameter prop_binMixSRatleast1fjets_bin1[0.00,-7.00,7.00] to be Gaussian constrained
------------------------------------------------------------
2          3.507456        0.853975        total sum                     
2          3.374401        0.853245        excluding marked processes    
2          16.000000       4.000000        Unweighted events, alpha=0.219216
  => Total parameter prop_binMixSRatleast1fjets_bin2[0.00,-7.00,7.00] to be Gaussian constrained
------------------------------------------------------------
3          2.079125        0.319231        total sum                     
3          1.972587        0.317746        excluding marked processes    
3          39.000000       6.244998        Unweighted events, alpha=0.053311
  => Total parameter prop_binMixSRatleast1fjets_bin3[0.00,-7.00,7.00] to be Gaussian constrained
------------------------------------------------------------
4          0.925876        0.819305        total sum                     
4          0.881407        0.819058        excluding marked processes    
4          1.000000        1.000000        Unweighted events, alpha=0.925876
  => Total parameter prop_binMixSRatleast1fjets_bin4[0.00,-7.00,7.00] to be Gaussian constrained
------------------------------------------------------------
5          0.479068        0.163526        total sum                     
5          0.461508        0.162581        excluding marked processes    
5          8.000000        2.828427        Unweighted events, alpha=0.059884
  => Total parameter prop_binMixSRatleast1fjets_bin5[0.00,-7.00,7.00] to be Gaussian constrained
------------------------------------------------------------
6          0.428162        0.167271        total sum                     
6          0.428162        0.167271        excluding marked processes    
6          7.000000        2.645751        Unweighted events, alpha=0.061166
  => Total parameter prop_binMixSRatleast1fjets_bin6[0.00,-7.00,7.00] to be Gaussian constrained
------------------------------------------------------------
7          0.138920        0.094884        total sum                     
7          0.138920        0.094884        excluding marked processes    
7          2.000000        1.414214        Unweighted events, alpha=0.069460
  => Total parameter prop_binMixSRatleast1fjets_bin7[0.00,-7.00,7.00] to be Gaussian constrained
------------------------------------------------------------
8          1.268599        1.095287        total sum                     
8          1.268599        1.095287        excluding marked processes    
8          1.000000        1.000000        Unweighted events, alpha=1.268599
  => Total parameter prop_binMixSRatleast1fjets_bin8[0.00,-7.00,7.00] to be Gaussian constrained
------------------------------------------------------------
9          0.042134        0.033315        total sum                     
9          0.042134        0.033315        excluding marked processes    
9          2.000000        1.414214        Unweighted events, alpha=0.021067
  => Total parameter prop_binMixSRatleast1fjets_bin9[0.00,-7.00,7.00] to be Gaussian constrained
------------------------------------------------------------
10         0.000000        0.000000        total sum                     
10         0.000000        0.000000        excluding marked processes    
  => Error is zero, ignore      
------------------------------------------------------------
11         0.000000        0.000000        total sum                     
11         0.000000        0.000000        excluding marked processes    
  => Error is zero, ignore      
------------------------------------------------------------
12         0.000000        0.000000        total sum                     
12         0.000000        0.000000        excluding marked processes    
  => Error is zero, ignore      
------------------------------------------------------------
============================================================
Analyzing bin errors for: prop_binMerSR0fjets
Poisson cut-off: 0
Processes excluded for sums: TprimeToTZ_700
============================================================
Bin        Contents        Error           Notes                         
0          0.208000        0.127907        total sum                     
0          0.208000        0.127907        excluding marked processes    
0          3.000000        1.732051        Unweighted events, alpha=0.069333
  => Total parameter prop_binMerSR0fjets_bin0[0.00,-7.00,7.00] to be Gaussian constrained
------------------------------------------------------------
1          0.557857        0.175613        total sum                     
1          0.557857        0.175613        excluding marked processes    
1          10.000000       3.162278        Unweighted events, alpha=0.055786
  => Total parameter prop_binMerSR0fjets_bin1[0.00,-7.00,7.00] to be Gaussian constrained
------------------------------------------------------------
2          0.495085        0.149129        total sum                     
2          0.492584        0.149108        excluding marked processes    
2          11.000000       3.316625        Unweighted events, alpha=0.045008
  => Total parameter prop_binMerSR0fjets_bin2[0.00,-7.00,7.00] to be Gaussian constrained
------------------------------------------------------------
3          0.258362        0.105290        total sum                     
3          0.258362        0.105290        excluding marked processes    
3          6.000000        2.449490        Unweighted events, alpha=0.043060
  => Total parameter prop_binMerSR0fjets_bin3[0.00,-7.00,7.00] to be Gaussian constrained
------------------------------------------------------------
4          0.457770        0.153485        total sum                     
4          0.457770        0.153485        excluding marked processes    
4          9.000000        3.000000        Unweighted events, alpha=0.050863
  => Total parameter prop_binMerSR0fjets_bin4[0.00,-7.00,7.00] to be Gaussian constrained
------------------------------------------------------------
5          0.296941        0.120752        total sum                     
5          0.296941        0.120752        excluding marked processes    
5          6.000000        2.449490        Unweighted events, alpha=0.049490
  => Total parameter prop_binMerSR0fjets_bin5[0.00,-7.00,7.00] to be Gaussian constrained
------------------------------------------------------------
6          0.281198        0.119170        total sum                     
6          0.281198        0.119170        excluding marked processes    
6          6.000000        2.449490        Unweighted events, alpha=0.046866
  => Total parameter prop_binMerSR0fjets_bin6[0.00,-7.00,7.00] to be Gaussian constrained
------------------------------------------------------------
7          0.105026        0.070007        total sum                     
7          0.105026        0.070007        excluding marked processes    
7          2.000000        1.414214        Unweighted events, alpha=0.052513
  => Total parameter prop_binMerSR0fjets_bin7[0.00,-7.00,7.00] to be Gaussian constrained
------------------------------------------------------------
8          0.257674        0.149082        total sum                     
8          0.257674        0.149082        excluding marked processes    
8          3.000000        1.732051        Unweighted events, alpha=0.085891
  => Total parameter prop_binMerSR0fjets_bin8[0.00,-7.00,7.00] to be Gaussian constrained
------------------------------------------------------------
9          0.207541        0.109423        total sum                     
9          0.207541        0.109423        excluding marked processes    
9          4.000000        2.000000        Unweighted events, alpha=0.051885
  => Total parameter prop_binMerSR0fjets_bin9[0.00,-7.00,7.00] to be Gaussian constrained
------------------------------------------------------------
10         0.200006        0.102756        total sum                     
10         0.200006        0.102756        excluding marked processes    
10         4.000000        2.000000        Unweighted events, alpha=0.050001
  => Total parameter prop_binMerSR0fjets_bin10[0.00,-7.00,7.00] to be Gaussian constrained
------------------------------------------------------------
11         0.046840        0.033121        total sum                     
11         0.046840        0.033121        excluding marked processes    
11         2.000000        1.414214        Unweighted events, alpha=0.023420
  => Total parameter prop_binMerSR0fjets_bin11[0.00,-7.00,7.00] to be Gaussian constrained
------------------------------------------------------------
12         0.124816        0.072187        total sum                     
12         0.124816        0.072187        excluding marked processes    
12         3.000000        1.732051        Unweighted events, alpha=0.041605
  => Total parameter prop_binMerSR0fjets_bin12[0.00,-7.00,7.00] to be Gaussian constrained
------------------------------------------------------------
============================================================
Analyzing bin errors for: prop_binMerSRatleast1fjets
Poisson cut-off: 0
Processes excluded for sums: TprimeToTZ_700
============================================================
Bin        Contents        Error           Notes                         
0          1.747987        1.419317        total sum                     
0          1.745400        1.419314        excluding marked processes    
0          2.000000        1.414214        Unweighted events, alpha=0.873994
  => Total parameter prop_binMerSRatleast1fjets_bin0[0.00,-7.00,7.00] to be Gaussian constrained
------------------------------------------------------------
1          0.720426        0.185804        total sum                     
1          0.706418        0.185275        excluding marked processes    
1          15.000000       3.872983        Unweighted events, alpha=0.048028
  => Total parameter prop_binMerSRatleast1fjets_bin1[0.00,-7.00,7.00] to be Gaussian constrained
------------------------------------------------------------
2          0.594444        0.191943        total sum                     
2          0.582658        0.191581        excluding marked processes    
2          9.000000        3.000000        Unweighted events, alpha=0.066049
  => Total parameter prop_binMerSRatleast1fjets_bin2[0.00,-7.00,7.00] to be Gaussian constrained
------------------------------------------------------------
3          0.905917        0.219330        total sum                     
3          0.883465        0.218908        excluding marked processes    
3          16.000000       4.000000        Unweighted events, alpha=0.056620
  => Total parameter prop_binMerSRatleast1fjets_bin3[0.00,-7.00,7.00] to be Gaussian constrained
------------------------------------------------------------
4          0.567089        0.152749        total sum                     
4          0.560611        0.152653        excluding marked processes    
4          13.000000       3.605551        Unweighted events, alpha=0.043622
  => Total parameter prop_binMerSRatleast1fjets_bin4[0.00,-7.00,7.00] to be Gaussian constrained
------------------------------------------------------------
5          0.687526        0.195449        total sum                     
5          0.687526        0.195449        excluding marked processes    
5          12.000000       3.464102        Unweighted events, alpha=0.057294
  => Total parameter prop_binMerSRatleast1fjets_bin5[0.00,-7.00,7.00] to be Gaussian constrained
------------------------------------------------------------
6          0.278908        0.112542        total sum                     
6          0.275104        0.112478        excluding marked processes    
6          6.000000        2.449490        Unweighted events, alpha=0.046485
  => Total parameter prop_binMerSRatleast1fjets_bin6[0.00,-7.00,7.00] to be Gaussian constrained
------------------------------------------------------------
7          0.129457        0.082573        total sum                     
7          0.129457        0.082573        excluding marked processes    
7          2.000000        1.414214        Unweighted events, alpha=0.064728
  => Total parameter prop_binMerSRatleast1fjets_bin7[0.00,-7.00,7.00] to be Gaussian constrained
------------------------------------------------------------
8          0.580700        0.176838        total sum                     
8          0.580700        0.176838        excluding marked processes    
8          11.000000       3.316625        Unweighted events, alpha=0.052791
  => Total parameter prop_binMerSRatleast1fjets_bin8[0.00,-7.00,7.00] to be Gaussian constrained
------------------------------------------------------------
9          0.289675        0.119205        total sum                     
9          0.289675        0.119205        excluding marked processes    
9          6.000000        2.449490        Unweighted events, alpha=0.048279
  => Total parameter prop_binMerSRatleast1fjets_bin9[0.00,-7.00,7.00] to be Gaussian constrained
------------------------------------------------------------
10         0.076154        0.039124        total sum                     
10         0.076154        0.039124        excluding marked processes    
10         4.000000        2.000000        Unweighted events, alpha=0.019038
  => Total parameter prop_binMerSRatleast1fjets_bin10[0.00,-7.00,7.00] to be Gaussian constrained
------------------------------------------------------------
11         0.013404        0.011193        total sum                     
11         0.013404        0.011193        excluding marked processes    
11         1.000000        1.000000        Unweighted events, alpha=0.013404
  => Total parameter prop_binMerSRatleast1fjets_bin11[0.00,-7.00,7.00] to be Gaussian constrained
------------------------------------------------------------
12         0.062591        0.046655        total sum                     
12         0.062591        0.046655        excluding marked processes    
12         2.000000        1.414214        Unweighted events, alpha=0.031296
  => Total parameter prop_binMerSRatleast1fjets_bin12[0.00,-7.00,7.00] to be Gaussian constrained
------------------------------------------------------------
============================================================
Analyzing bin errors for: prop_binAH
Poisson cut-off: 0
Processes excluded for sums: TprimeToTZ_700
============================================================
Bin        Contents        Error           Notes                         
0          10453.404916    107.436369      total sum                     
0          10439.233864    107.435791      excluding marked processes    
0          9441.000000     97.164808       Unweighted events, alpha=1.107235
  => Total parameter prop_binAH_bin0[0.00,-7.00,7.00] to be Gaussian constrained
------------------------------------------------------------
1          2645.972030     50.505649       total sum                     
1          2636.941329     50.504857       excluding marked processes    
1          2726.000000     52.211110       Unweighted events, alpha=0.970643
  => Total parameter prop_binAH_bin1[0.00,-7.00,7.00] to be Gaussian constrained
------------------------------------------------------------
2          2285.345243     44.997944       total sum                     
2          2276.653502     44.997103       excluding marked processes    
2          2560.000000     50.596443       Unweighted events, alpha=0.892713
  => Total parameter prop_binAH_bin2[0.00,-7.00,7.00] to be Gaussian constrained
------------------------------------------------------------
3          1773.284441     38.585827       total sum                     
3          1767.661367     38.585195       excluding marked processes    
3          2099.000000     45.814845       Unweighted events, alpha=0.844823
  => Total parameter prop_binAH_bin3[0.00,-7.00,7.00] to be Gaussian constrained
------------------------------------------------------------
4          1182.826391     31.676539       total sum                     
4          1180.284895     31.676188       excluding marked processes    
4          1388.000000     37.255872       Unweighted events, alpha=0.852180
  => Total parameter prop_binAH_bin4[0.00,-7.00,7.00] to be Gaussian constrained
------------------------------------------------------------
5          800.068745      24.899965       total sum                     
5          799.331423      24.899837       excluding marked processes    
5          1031.000000     32.109189       Unweighted events, alpha=0.776012
  => Total parameter prop_binAH_bin5[0.00,-7.00,7.00] to be Gaussian constrained
------------------------------------------------------------
6          524.552107      19.606773       total sum                     
6          524.194070      19.606692       excluding marked processes    
6          715.000000      26.739484       Unweighted events, alpha=0.733639
  => Total parameter prop_binAH_bin6[0.00,-7.00,7.00] to be Gaussian constrained
------------------------------------------------------------
7          371.199265      16.298824       total sum                     
7          370.920674      16.298748       excluding marked processes    
7          518.000000      22.759613       Unweighted events, alpha=0.716601
  => Total parameter prop_binAH_bin7[0.00,-7.00,7.00] to be Gaussian constrained
------------------------------------------------------------
8          412.749347      17.825655       total sum                     
8          412.503100      17.825589       excluding marked processes    
8          536.000000      23.151674       Unweighted events, alpha=0.770055
  => Total parameter prop_binAH_bin8[0.00,-7.00,7.00] to be Gaussian constrained
------------------------------------------------------------
9          359.673603      15.918480       total sum                     
9          359.549325      15.918445       excluding marked processes    
9          510.000000      22.583180       Unweighted events, alpha=0.705242
  => Total parameter prop_binAH_bin9[0.00,-7.00,7.00] to be Gaussian constrained
------------------------------------------------------------
10         121.419801      9.198993        total sum                     
10         121.354762      9.198962        excluding marked processes    
10         174.000000      13.190906       Unweighted events, alpha=0.697815
  => Total parameter prop_binAH_bin10[0.00,-7.00,7.00] to be Gaussian constrained
------------------------------------------------------------
11         53.561587       4.945002        total sum                     
11         53.538518       4.944975        excluding marked processes    
11         117.000000      10.816654       Unweighted events, alpha=0.457791
  => Total parameter prop_binAH_bin11[0.00,-7.00,7.00] to be Gaussian constrained
------------------------------------------------------------
12         38.931973       3.959039        total sum                     
12         38.922215       3.959027        excluding marked processes    
12         97.000000       9.848858        Unweighted events, alpha=0.401361
  => Total parameter prop_binAH_bin12[0.00,-7.00,7.00] to be Gaussian constrained
------------------------------------------------------------
============================================================
Analyzing bin errors for: prop_binSL
Poisson cut-off: 0
Processes excluded for sums: TprimeToTZ_700
============================================================
Bin        Contents        Error           Notes                         
0          145726.236254   350.729765      total sum                     
0          145705.290964   350.729481      excluding marked processes    
0          172586.000000   415.434712      Unweighted events, alpha=0.844369
  => Total parameter prop_binSL_bin0[0.00,-7.00,7.00] to be Gaussian constrained
------------------------------------------------------------
1          2229.427975     37.248122       total sum                     
1          2228.070274     37.247963       excluding marked processes    
1          3578.000000     59.816386       Unweighted events, alpha=0.623093
  => Total parameter prop_binSL_bin1[0.00,-7.00,7.00] to be Gaussian constrained
------------------------------------------------------------
2          1481.070692     27.997938       total sum                     
2          1480.182739     27.997788       excluding marked processes    
2          2795.000000     52.867760       Unweighted events, alpha=0.529900
  => Total parameter prop_binSL_bin2[0.00,-7.00,7.00] to be Gaussian constrained
------------------------------------------------------------
3          977.177447      23.369974       total sum                     
3          976.666032      23.369879       excluding marked processes    
3          1747.000000     41.797129       Unweighted events, alpha=0.559346
  => Total parameter prop_binSL_bin3[0.00,-7.00,7.00] to be Gaussian constrained
------------------------------------------------------------
4          623.286619      17.986347       total sum                     
4          623.052484      17.986288       excluding marked processes    
4          1200.000000     34.641016       Unweighted events, alpha=0.519406
  => Total parameter prop_binSL_bin4[0.00,-7.00,7.00] to be Gaussian constrained
------------------------------------------------------------
5          443.771484      14.724445       total sum                     
5          443.670364      14.724417       excluding marked processes    
5          908.000000      30.133038       Unweighted events, alpha=0.488735
  => Total parameter prop_binSL_bin5[0.00,-7.00,7.00] to be Gaussian constrained
------------------------------------------------------------
6          310.165665      12.848272       total sum                     
6          310.114033      12.848253       excluding marked processes    
6          583.000000      24.145393       Unweighted events, alpha=0.532017
  => Total parameter prop_binSL_bin6[0.00,-7.00,7.00] to be Gaussian constrained
------------------------------------------------------------
7          216.033341      12.468073       total sum                     
7          216.016509      12.468067       excluding marked processes    
7          300.000000      17.320508       Unweighted events, alpha=0.720111
  => Total parameter prop_binSL_bin7[0.00,-7.00,7.00] to be Gaussian constrained
------------------------------------------------------------
8          271.637867      12.990917       total sum                     
8          271.617966      12.990911       excluding marked processes    
8          437.000000      20.904545       Unweighted events, alpha=0.621597
  => Total parameter prop_binSL_bin8[0.00,-7.00,7.00] to be Gaussian constrained
------------------------------------------------------------
9          210.525468      11.254701       total sum                     
9          210.500041      11.254693       excluding marked processes    
9          350.000000      18.708287       Unweighted events, alpha=0.601501
  => Total parameter prop_binSL_bin9[0.00,-7.00,7.00] to be Gaussian constrained
------------------------------------------------------------
10         72.919209       6.555839        total sum                     
10         72.919209       6.555839        excluding marked processes    
10         124.000000      11.135529       Unweighted events, alpha=0.588058
  => Total parameter prop_binSL_bin10[0.00,-7.00,7.00] to be Gaussian constrained
------------------------------------------------------------
11         23.531529       4.026639        total sum                     
11         23.531529       4.026639        excluding marked processes    
11         34.000000       5.830952        Unweighted events, alpha=0.692104
  => Total parameter prop_binSL_bin11[0.00,-7.00,7.00] to be Gaussian constrained
------------------------------------------------------------
12         16.424984       2.379744        total sum                     
12         16.424984       2.379744        excluding marked processes    
12         48.000000       6.928203        Unweighted events, alpha=0.342187
  => Total parameter prop_binSL_bin12[0.00,-7.00,7.00] to be Gaussian constrained
------------------------------------------------------------
============================================================
Analyzing bin errors for: prop_binAH1lWR
Poisson cut-off: 0
Processes excluded for sums: TprimeToTZ_700
============================================================
Bin        Contents        Error           Notes                         
0          168661.850214   1023.619610     total sum                     
0          168658.989660   1023.619597     excluding marked processes    
0          27148.000000    164.766501      Unweighted events, alpha=6.212681
  => Total parameter prop_binAH1lWR_bin0[0.00,-7.00,7.00] to be Gaussian constrained
------------------------------------------------------------
1          2397.594247     73.763787       total sum                     
1          2397.370613     73.763772       excluding marked processes    
1          1056.000000     32.496154       Unweighted events, alpha=2.270449
  => Total parameter prop_binAH1lWR_bin1[0.00,-7.00,7.00] to be Gaussian constrained
------------------------------------------------------------
2          1564.697258     60.753957       total sum                     
2          1564.588169     60.753947       excluding marked processes    
2          663.000000      25.748786       Unweighted events, alpha=2.360026
  => Total parameter prop_binAH1lWR_bin2[0.00,-7.00,7.00] to be Gaussian constrained
------------------------------------------------------------
3          1003.728568     47.762509       total sum                     
3          1003.663231     47.762500       excluding marked processes    
3          442.000000      21.023796       Unweighted events, alpha=2.270879
  => Total parameter prop_binAH1lWR_bin3[0.00,-7.00,7.00] to be Gaussian constrained
------------------------------------------------------------
4          734.805233      40.882663       total sum                     
4          734.805233      40.882663       excluding marked processes    
4          323.000000      17.972201       Unweighted events, alpha=2.274939
  => Total parameter prop_binAH1lWR_bin4[0.00,-7.00,7.00] to be Gaussian constrained
------------------------------------------------------------
5          477.082178      33.309947       total sum                     
5          477.082178      33.309947       excluding marked processes    
5          205.000000      14.317821       Unweighted events, alpha=2.327230
  => Total parameter prop_binAH1lWR_bin5[0.00,-7.00,7.00] to be Gaussian constrained
------------------------------------------------------------
6          287.133116      27.301530       total sum                     
6          287.133116      27.301530       excluding marked processes    
6          111.000000      10.535654       Unweighted events, alpha=2.586785
  => Total parameter prop_binAH1lWR_bin6[0.00,-7.00,7.00] to be Gaussian constrained
------------------------------------------------------------
7          231.568871      22.819028       total sum                     
7          231.568871      22.819028       excluding marked processes    
7          103.000000      10.148892       Unweighted events, alpha=2.248241
  => Total parameter prop_binAH1lWR_bin7[0.00,-7.00,7.00] to be Gaussian constrained
------------------------------------------------------------
8          271.560190      24.887662       total sum                     
8          271.556755      24.887662       excluding marked processes    
8          119.000000      10.908712       Unweighted events, alpha=2.282018
  => Total parameter prop_binAH1lWR_bin8[0.00,-7.00,7.00] to be Gaussian constrained
------------------------------------------------------------
9          211.231934      22.267162       total sum                     
9          211.231934      22.267162       excluding marked processes    
9          90.000000       9.486833        Unweighted events, alpha=2.347021
  => Total parameter prop_binAH1lWR_bin9[0.00,-7.00,7.00] to be Gaussian constrained
------------------------------------------------------------
10         86.002943       12.737796       total sum                     
10         86.002943       12.737796       excluding marked processes    
10         46.000000       6.782330        Unweighted events, alpha=1.869629
  => Total parameter prop_binAH1lWR_bin10[0.00,-7.00,7.00] to be Gaussian constrained
------------------------------------------------------------
11         20.504252       6.791183        total sum                     
11         20.504252       6.791183        excluding marked processes    
11         9.000000        3.000000        Unweighted events, alpha=2.278250
  => Total parameter prop_binAH1lWR_bin11[0.00,-7.00,7.00] to be Gaussian constrained
------------------------------------------------------------
12         26.600871       6.567824        total sum                     
12         26.600871       6.567824        excluding marked processes    
12         16.000000       4.000000        Unweighted events, alpha=1.662554
  => Total parameter prop_binAH1lWR_bin12[0.00,-7.00,7.00] to be Gaussian constrained
------------------------------------------------------------
============================================================
Analyzing bin errors for: prop_binAH0lZR
Poisson cut-off: 0
Processes excluded for sums: TprimeToTZ_700
============================================================
Bin        Contents        Error           Notes                         
0          1422.374414     68.675190       total sum                     
0          1422.290313     68.675185       excluding marked processes    
0          429.000000      20.712315       Unweighted events, alpha=3.315558
  => Total parameter prop_binAH0lZR_bin0[0.00,-7.00,7.00] to be Gaussian constrained
------------------------------------------------------------
1          752.826485      52.484592       total sum                     
1          752.705011      52.484581       excluding marked processes    
1          206.000000      14.352700       Unweighted events, alpha=3.654497
  => Total parameter prop_binAH0lZR_bin1[0.00,-7.00,7.00] to be Gaussian constrained
------------------------------------------------------------
2          529.316804      41.459130       total sum                     
2          529.209697      41.459119       excluding marked processes    
2          163.000000      12.767145       Unweighted events, alpha=3.247342
  => Total parameter prop_binAH0lZR_bin2[0.00,-7.00,7.00] to be Gaussian constrained
------------------------------------------------------------
3          289.898683      31.498156       total sum                     
3          289.770576      31.498138       excluding marked processes    
3          85.000000       9.219544        Unweighted events, alpha=3.410573
  => Total parameter prop_binAH0lZR_bin3[0.00,-7.00,7.00] to be Gaussian constrained
------------------------------------------------------------
4          215.700396      26.500426       total sum                     
4          215.649810      26.500417       excluding marked processes    
4          66.000000       8.124038        Unweighted events, alpha=3.268188
  => Total parameter prop_binAH0lZR_bin4[0.00,-7.00,7.00] to be Gaussian constrained
------------------------------------------------------------
5          140.795497      20.881840       total sum                     
5          140.761432      20.881832       excluding marked processes    
5          45.000000       6.708204        Unweighted events, alpha=3.128789
  => Total parameter prop_binAH0lZR_bin5[0.00,-7.00,7.00] to be Gaussian constrained
------------------------------------------------------------
6          109.417492      16.404161       total sum                     
6          109.417492      16.404161       excluding marked processes    
6          44.000000       6.633250        Unweighted events, alpha=2.486761
  => Total parameter prop_binAH0lZR_bin6[0.00,-7.00,7.00] to be Gaussian constrained
------------------------------------------------------------
7          76.585051       13.978493       total sum                     
7          76.585051       13.978493       excluding marked processes    
7          30.000000       5.477226        Unweighted events, alpha=2.552835
  => Total parameter prop_binAH0lZR_bin7[0.00,-7.00,7.00] to be Gaussian constrained
------------------------------------------------------------
8          87.385093       14.072880       total sum                     
8          87.385093       14.072880       excluding marked processes    
8          39.000000       6.244998        Unweighted events, alpha=2.240643
  => Total parameter prop_binAH0lZR_bin8[0.00,-7.00,7.00] to be Gaussian constrained
------------------------------------------------------------
9          63.750294       12.218740       total sum                     
9          63.750294       12.218740       excluding marked processes    
9          27.000000       5.196152        Unweighted events, alpha=2.361122
  => Total parameter prop_binAH0lZR_bin9[0.00,-7.00,7.00] to be Gaussian constrained
------------------------------------------------------------
10         46.838503       6.784733        total sum                     
10         46.838503       6.784733        excluding marked processes    
10         48.000000       6.928203        Unweighted events, alpha=0.975802
  => Total parameter prop_binAH0lZR_bin10[0.00,-7.00,7.00] to be Gaussian constrained
------------------------------------------------------------
11         17.545558       3.371108        total sum                     
11         17.545558       3.371108        excluding marked processes    
11         27.000000       5.196152        Unweighted events, alpha=0.649835
  => Total parameter prop_binAH0lZR_bin11[0.00,-7.00,7.00] to be Gaussian constrained
------------------------------------------------------------
12         22.304139       4.335231        total sum                     
12         22.304139       4.335231        excluding marked processes    
12         26.000000       5.099020        Unweighted events, alpha=0.857852
  => Total parameter prop_binAH0lZR_bin12[0.00,-7.00,7.00] to be Gaussian constrained
------------------------------------------------------------
Channel MixSR0fjets will use autoMCStats with settings: event-threshold=0, include-signal=0, hist-mode=1
Channel MixSRatleast1fjets will use autoMCStats with settings: event-threshold=0, include-signal=0, hist-mode=1
Channel MerSR0fjets will use autoMCStats with settings: event-threshold=0, include-signal=0, hist-mode=1
Channel MerSRatleast1fjets will use autoMCStats with settings: event-threshold=0, include-signal=0, hist-mode=1
Channel AH will use autoMCStats with settings: event-threshold=0, include-signal=0, hist-mode=1
Channel SL will use autoMCStats with settings: event-threshold=0, include-signal=0, hist-mode=1
Channel AH1lWR will use autoMCStats with settings: event-threshold=0, include-signal=0, hist-mode=1
Channel AH0lZR will use autoMCStats with settings: event-threshold=0, include-signal=0, hist-mode=1
[#0] ERROR:Eval -- RooAbsReal::logEvalError(prop_binMixSRatleast1fjets_Int[CMS_th1x]) evaluation error, 
 origin       : RooRealIntegral::prop_binMixSRatleast1fjets_Int[CMS_th1x][ Int prop_binMixSRatleast1fjetsd[Ana](CMS_th1x) ]
 message      : function value is NAN
 server values: !sumList=(), !intList=(), !anaList=(CMS_th1x = 12.5), !jacList=(), !facList=(), !func=prop_binMixSRatleast1fjets=3e-09, !sumCat=()
[#0] ERROR:Eval -- RooAbsReal::logEvalError(pdf_binMixSRatleast1fjets_obsOnly_Int[CMS_th1x]) evaluation error, 
 origin       : RooRealIntegral::pdf_binMixSRatleast1fjets_obsOnly_Int[CMS_th1x][ Int pdf_binMixSRatleast1fjets_obsOnlyd[Ana](CMS_th1x) ]
 message      : function value is NAN
 server values: !sumList=(), !intList=(), !anaList=(CMS_th1x = 12.5), !jacList=(), !facList=(), !func=pdf_binMixSRatleast1fjets_obsOnly=3e-09, !sumCat=()
[#0] ERROR:Eval -- RooAbsReal::logEvalError(prop_binMixSRatleast1fjets_Int[CMS_th1x]) evaluation error, 
 origin       : RooRealIntegral::prop_binMixSRatleast1fjets_Int[CMS_th1x][ Int prop_binMixSRatleast1fjetsd[Ana](CMS_th1x) ]
 message      : function value is NAN
 server values: !sumList=(), !intList=(), !anaList=(CMS_th1x = 12.5), !jacList=(), !facList=(), !func=prop_binMixSRatleast1fjets=3e-09, !sumCat=()
[#0] ERROR:Eval -- RooAbsReal::logEvalError(pdf_binMixSRatleast1fjets_obsOnly_Int[CMS_th1x]) evaluation error, 
 origin       : RooRealIntegral::pdf_binMixSRatleast1fjets_obsOnly_Int[CMS_th1x][ Int pdf_binMixSRatleast1fjets_obsOnlyd[Ana](CMS_th1x) ]
 message      : function value is NAN
 server values: !sumList=(), !intList=(), !anaList=(CMS_th1x = 12.5), !jacList=(), !facList=(), !func=pdf_binMixSRatleast1fjets_obsOnly=3e-09, !sumCat=()
[#0] WARNING:Plotting -- WARNING: Function evaluation error(s) at coordinates [x]=0.5
[#0] WARNING:Plotting -- WARNING: Function evaluation error(s) at coordinates [x]=1.5
[#0] WARNING:Plotting -- WARNING: Function evaluation error(s) at coordinates [x]=2.5
[#0] WARNING:Plotting -- WARNING: Function evaluation error(s) at coordinates [x]=3.5
[#0] WARNING:Plotting -- WARNING: Function evaluation error(s) at coordinates [x]=4.5
[#0] WARNING:Plotting -- WARNING: Function evaluation error(s) at coordinates [x]=5.5
[#0] WARNING:Plotting -- WARNING: Function evaluation error(s) at coordinates [x]=6.5
[#0] WARNING:Plotting -- WARNING: Function evaluation error(s) at coordinates [x]=7.5
[#0] WARNING:Plotting -- WARNING: Function evaluation error(s) at coordinates [x]=8.5
[#0] WARNING:Plotting -- WARNING: Function evaluation error(s) at coordinates [x]=9.5
[#0] WARNING:Plotting -- WARNING: Function evaluation error(s) at coordinates [x]=10.5
[#0] WARNING:Plotting -- WARNING: Function evaluation error(s) at coordinates [x]=11.5
[#0] WARNING:Plotting -- WARNING: Function evaluation error(s) at coordinates [x]=12.5
[#0] ERROR:Eval -- RooAbsReal::logEvalError(prop_binMixSRatleast1fjets_Int[CMS_th1x]) evaluation error, 
 origin       : RooRealIntegral::prop_binMixSRatleast1fjets_Int[CMS_th1x][ Int prop_binMixSRatleast1fjetsd[Ana](CMS_th1x) ]
 message      : function value is NAN
 server values: !sumList=(), !intList=(), !anaList=(CMS_th1x = 12.5), !jacList=(), !facList=(), !func=prop_binMixSRatleast1fjets=3.2e-09, !sumCat=()
[#0] ERROR:Eval -- RooAbsReal::logEvalError(prop_binMixSRatleast1fjets_Int[CMS_th1x]) evaluation error, 
 origin       : RooRealIntegral::prop_binMixSRatleast1fjets_Int[CMS_th1x][ Int prop_binMixSRatleast1fjetsd[Ana](CMS_th1x) ]
 message      : function value is NAN
 server values: !sumList=(), !intList=(), !anaList=(CMS_th1x = 12.5), !jacList=(), !facList=(), !func=prop_binMixSRatleast1fjets=3.2e-09, !sumCat=()
WARNING: underflow to -nan in pdf_binMixSRatleast1fjets_obsOnly for bin 4, weight -nan
[#0] ERROR:Eval -- RooAbsReal::logEvalError(MixSRatleast1fjets) evaluation error, 
 origin       : RooAbsReal::MixSRatleast1fjets[ params=(ONE,jer,jesTotal,luminosity,prop_binMixSRatleast1fjets_bin0,prop_binMixSRatleast1fjets_bin1,prop_binMixSRatleast1fjets_bin2,prop_binMixSRatleast1fjets_bin3,prop_binMixSRatleast1fjets_bin4,prop_binMixSRatleast1fjets_bin5,prop_binMixSRatleast1fjets_bin6,prop_binMixSRatleast1fjets_bin7,prop_binMixSRatleast1fjets_bin8,prop_binMixSRatleast1fjets_bin9,pu,r) catParams=() ]
 message      : Number of events is negative or error
 server values: params=(ONE = 1,jer = 0 +/- 0,jesTotal = 0 +/- 0,luminosity = 0 +/- 0,prop_binMixSRatleast1fjets_bin0 = -0.125907 +/- 1,prop_binMixSRatleast1fjets_bin1 = -0.0540419 +/- 1,prop_binMixSRatleast1fjets_bin2 = -0.305233 +/- 1,prop_binMixSRatleast1fjets_bin3 = -0.152606 +/- 1,prop_binMixSRatleast1fjets_bin4 = -nan +/- 1,prop_binMixSRatleast1fjets_bin5 = -0.162581 +/- 1,prop_binMixSRatleast1fjets_bin6 = -0.167271 +/- 1,prop_binMixSRatleast1fjets_bin7 = -0.0948839 +/- 1,prop_binMixSRatleast1fjets_bin8 = -0.126265 +/- 1,prop_binMixSRatleast1fjets_bin9 = -0.0333149 +/- 1,pu = 0 +/- 0,r = 0.2 +/- 2), catParams=()
FASTEXIT from pdf_binMixSRatleast1fjets_obsOnly
WARNING: underflow to -nan in pdf_binMixSRatleast1fjets_obsOnly for bin 0, weight -nan
[#0] ERROR:Eval -- RooAbsReal::logEvalError(MixSRatleast1fjets) evaluation error, 
 origin       : RooAbsReal::MixSRatleast1fjets[ params=(ONE,jer,jesTotal,luminosity,prop_binMixSRatleast1fjets_bin0,prop_binMixSRatleast1fjets_bin1,prop_binMixSRatleast1fjets_bin2,prop_binMixSRatleast1fjets_bin3,prop_binMixSRatleast1fjets_bin4,prop_binMixSRatleast1fjets_bin5,prop_binMixSRatleast1fjets_bin6,prop_binMixSRatleast1fjets_bin7,prop_binMixSRatleast1fjets_bin8,prop_binMixSRatleast1fjets_bin9,pu,r) catParams=() ]
 message      : Number of events is negative or error
 server values: params=(ONE = 1,jer = 0 +/- 0,jesTotal = 0 +/- 0,luminosity = 0 +/- 0,prop_binMixSRatleast1fjets_bin0 = -nan +/- 1,prop_binMixSRatleast1fjets_bin1 = -nan +/- 1,prop_binMixSRatleast1fjets_bin2 = -nan +/- 1,prop_binMixSRatleast1fjets_bin3 = -nan +/- 1,prop_binMixSRatleast1fjets_bin4 = -nan +/- 1,prop_binMixSRatleast1fjets_bin5 = -nan +/- 1,prop_binMixSRatleast1fjets_bin6 = -nan +/- 1,prop_binMixSRatleast1fjets_bin7 = -nan +/- 1,prop_binMixSRatleast1fjets_bin8 = -nan +/- 1,prop_binMixSRatleast1fjets_bin9 = -nan +/- 1,pu = 0 +/- 0,r = 0.2 +/- 0), catParams=()
FASTEXIT from pdf_binMixSRatleast1fjets_obsOnly
[#0] ERROR:Eval -- RooAbsReal::logEvalError() evaluation error, 
 origin       : RooAbsReal::[ params=(jer,jer_In,jesTotal,jesTotal_In,luminosity,luminosity_In,pu,pu_In,prop_binMixSR0fjets_bin0,prop_binMixSR0fjets_bin0_In,prop_binMixSR0fjets_bin1,prop_binMixSR0fjets_bin1_In,prop_binMixSR0fjets_bin2,prop_binMixSR0fjets_bin2_In,prop_binMixSR0fjets_bin3,prop_binMixSR0fjets_bin3_In,prop_binMixSR0fjets_bin4,prop_binMixSR0fjets_bin4_In,prop_binMixSR0fjets_bin5,prop_binMixSR0fjets_bin5_In,prop_binMixSR0fjets_bin6,prop_binMixSR0fjets_bin6_In,prop_binMixSR0fjets_bin7,prop_binMixSR0fjets_bin7_In,prop_binMixSR0fjets_bin8,prop_binMixSR0fjets_bin8_In,prop_binMixSR0fjets_bin9,prop_binMixSR0fjets_bin9_In,prop_binMixSRatleast1fjets_bin0,prop_binMixSRatleast1fjets_bin0_In,prop_binMixSRatleast1fjets_bin1,prop_binMixSRatleast1fjets_bin1_In,prop_binMixSRatleast1fjets_bin2,prop_binMixSRatleast1fjets_bin2_In,prop_binMixSRatleast1fjets_bin3,prop_binMixSRatleast1fjets_bin3_In,prop_binMixSRatleast1fjets_bin4,prop_binMixSRatleast1fjets_bin4_In,prop_binMixSRatleast1fjets_bin5,prop_binMixSRatleast1fjets_bin5_In,prop_binMixSRatleast1fjets_bin6,prop_binMixSRatleast1fjets_bin6_In,prop_binMixSRatleast1fjets_bin7,prop_binMixSRatleast1fjets_bin7_In,prop_binMixSRatleast1fjets_bin8,prop_binMixSRatleast1fjets_bin8_In,prop_binMixSRatleast1fjets_bin9,prop_binMixSRatleast1fjets_bin9_In,prop_binMerSR0fjets_bin0,prop_binMerSR0fjets_bin0_In,prop_binMerSR0fjets_bin1,prop_binMerSR0fjets_bin1_In,prop_binMerSR0fjets_bin2,prop_binMerSR0fjets_bin2_In,prop_binMerSR0fjets_bin3,prop_binMerSR0fjets_bin3_In,prop_binMerSR0fjets_bin4,prop_binMerSR0fjets_bin4_In,prop_binMerSR0fjets_bin5,prop_binMerSR0fjets_bin5_In,prop_binMerSR0fjets_bin6,prop_binMerSR0fjets_bin6_In,prop_binMerSR0fjets_bin7,prop_binMerSR0fjets_bin7_In,prop_binMerSR0fjets_bin8,prop_binMerSR0fjets_bin8_In,prop_binMerSR0fjets_bin9,prop_binMerSR0fjets_bin9_In,prop_binMerSR0fjets_bin10,prop_binMerSR0fjets_bin10_In,prop_binMerSR0fjets_bin11,prop_binMerSR0fjets_bin11_In,prop_binMerSR0fjets_bin12,prop_binMerSR0fjets_bin12_In,prop_binMerSRatleast1fjets_bin0,prop_binMerSRatleast1fjets_bin0_In,prop_binMerSRatleast1fjets_bin1,prop_binMerSRatleast1fjets_bin1_In,prop_binMerSRatleast1fjets_bin2,prop_binMerSRatleast1fjets_bin2_In,prop_binMerSRatleast1fjets_bin3,prop_binMerSRatleast1fjets_bin3_In,prop_binMerSRatleast1fjets_bin4,prop_binMerSRatleast1fjets_bin4_In,prop_binMerSRatleast1fjets_bin5,prop_binMerSRatleast1fjets_bin5_In,prop_binMerSRatleast1fjets_bin6,prop_binMerSRatleast1fjets_bin6_In,prop_binMerSRatleast1fjets_bin7,prop_binMerSRatleast1fjets_bin7_In,prop_binMerSRatleast1fjets_bin8,prop_binMerSRatleast1fjets_bin8_In,prop_binMerSRatleast1fjets_bin9,prop_binMerSRatleast1fjets_bin9_In,prop_binMerSRatleast1fjets_bin10,prop_binMerSRatleast1fjets_bin10_In,prop_binMerSRatleast1fjets_bin11,prop_binMerSRatleast1fjets_bin11_In,prop_binMerSRatleast1fjets_bin12,prop_binMerSRatleast1fjets_bin12_In,prop_binAH_bin0,prop_binAH_bin0_In,prop_binAH_bin1,prop_binAH_bin1_In,prop_binAH_bin2,prop_binAH_bin2_In,prop_binAH_bin3,prop_binAH_bin3_In,prop_binAH_bin4,prop_binAH_bin4_In,prop_binAH_bin5,prop_binAH_bin5_In,prop_binAH_bin6,prop_binAH_bin6_In,prop_binAH_bin7,prop_binAH_bin7_In,prop_binAH_bin8,prop_binAH_bin8_In,prop_binAH_bin9,prop_binAH_bin9_In,prop_binAH_bin10,prop_binAH_bin10_In,prop_binAH_bin11,prop_binAH_bin11_In,prop_binAH_bin12,prop_binAH_bin12_In,prop_binSL_bin0,prop_binSL_bin0_In,prop_binSL_bin1,prop_binSL_bin1_In,prop_binSL_bin2,prop_binSL_bin2_In,prop_binSL_bin3,prop_binSL_bin3_In,prop_binSL_bin4,prop_binSL_bin4_In,prop_binSL_bin5,prop_binSL_bin5_In,prop_binSL_bin6,prop_binSL_bin6_In,prop_binSL_bin7,prop_binSL_bin7_In,prop_binSL_bin8,prop_binSL_bin8_In,prop_binSL_bin9,prop_binSL_bin9_In,prop_binSL_bin10,prop_binSL_bin10_In,prop_binSL_bin11,prop_binSL_bin11_In,prop_binSL_bin12,prop_binSL_bin12_In,prop_binAH1lWR_bin0,prop_binAH1lWR_bin0_In,prop_binAH1lWR_bin1,prop_binAH1lWR_bin1_In,prop_binAH1lWR_bin2,prop_binAH1lWR_bin2_In,prop_binAH1lWR_bin3,prop_binAH1lWR_bin3_In,prop_binAH1lWR_bin4,prop_binAH1lWR_bin4_In,prop_binAH1lWR_bin5,prop_binAH1lWR_bin5_In,prop_binAH1lWR_bin6,prop_binAH1lWR_bin6_In,prop_binAH1lWR_bin7,prop_binAH1lWR_bin7_In,prop_binAH1lWR_bin8,prop_binAH1lWR_bin8_In,prop_binAH1lWR_bin9,prop_binAH1lWR_bin9_In,prop_binAH1lWR_bin10,prop_binAH1lWR_bin10_In,prop_binAH1lWR_bin11,prop_binAH1lWR_bin11_In,prop_binAH1lWR_bin12,prop_binAH1lWR_bin12_In,prop_binAH0lZR_bin0,prop_binAH0lZR_bin0_In,prop_binAH0lZR_bin1,prop_binAH0lZR_bin1_In,prop_binAH0lZR_bin2,prop_binAH0lZR_bin2_In,prop_binAH0lZR_bin3,prop_binAH0lZR_bin3_In,prop_binAH0lZR_bin4,prop_binAH0lZR_bin4_In,prop_binAH0lZR_bin5,prop_binAH0lZR_bin5_In,prop_binAH0lZR_bin6,prop_binAH0lZR_bin6_In,prop_binAH0lZR_bin7,prop_binAH0lZR_bin7_In,prop_binAH0lZR_bin8,prop_binAH0lZR_bin8_In,prop_binAH0lZR_bin9,prop_binAH0lZR_bin9_In,prop_binAH0lZR_bin10,prop_binAH0lZR_bin10_In,prop_binAH0lZR_bin11,prop_binAH0lZR_bin11_In,prop_binAH0lZR_bin12,prop_binAH0lZR_bin12_In,ONE,r,WJets_norm,ZJets_norm) catParams=() ]
 message      : function value is NAN
 server values: params=(jer = 0 +/- 0,jer_In = 0,jesTotal = 0 +/- 0,jesTotal_In = 0,luminosity = 0 +/- 0,luminosity_In = 0,pu = 0 +/- 0,pu_In = 0,prop_binMixSR0fjets_bin0 = -0.0790595 +/- 1,prop_binMixSR0fjets_bin0_In = -0.0788549,prop_binMixSR0fjets_bin1 = -0.194853 +/- 1,prop_binMixSR0fjets_bin1_In = -0.193882,prop_binMixSR0fjets_bin2 = -0.41409 +/- 1,prop_binMixSR0fjets_bin2_In = -0.412919,prop_binMixSR0fjets_bin3 = -0.487215 +/- 1,prop_binMixSR0fjets_bin3_In = -0.486507,prop_binMixSR0fjets_bin4 = -0.439597 +/- 1,prop_binMixSR0fjets_bin4_In = -0.439597,prop_binMixSR0fjets_bin5 = -0.258363 +/- 1,prop_binMixSR0fjets_bin5_In = -0.258363,prop_binMixSR0fjets_bin6 = -0.0947715 +/- 1,prop_binMixSR0fjets_bin6_In = -0.0947715,prop_binMixSR0fjets_bin7 = -0.0868181 +/- 1,prop_binMixSR0fjets_bin7_In = -0.0868181,prop_binMixSR0fjets_bin8 = -0.0191154 +/- 1,prop_binMixSR0fjets_bin8_In = -0.0191154,prop_binMixSR0fjets_bin9 = -0.0232623 +/- 1,prop_binMixSR0fjets_bin9_In = -0.0232623,prop_binMixSRatleast1fjets_bin0 = -nan +/- 1,prop_binMixSRatleast1fjets_bin0_In = -0.125907,prop_binMixSRatleast1fjets_bin1 = -nan +/- 1,prop_binMixSRatleast1fjets_bin1_In = -0.0540419,prop_binMixSRatleast1fjets_bin2 = -nan +/- 1,prop_binMixSRatleast1fjets_bin2_In = -0.305233,prop_binMixSRatleast1fjets_bin3 = -nan +/- 1,prop_binMixSRatleast1fjets_bin3_In = -0.152606,prop_binMixSRatleast1fjets_bin4 = -nan +/- 1,prop_binMixSRatleast1fjets_bin4_In = -nan,prop_binMixSRatleast1fjets_bin5 = -nan +/- 1,prop_binMixSRatleast1fjets_bin5_In = -0.162581,prop_binMixSRatleast1fjets_bin6 = -nan +/- 1,prop_binMixSRatleast1fjets_bin6_In = -0.167271,prop_binMixSRatleast1fjets_bin7 = -nan +/- 1,prop_binMixSRatleast1fjets_bin7_In = -0.0948839,prop_binMixSRatleast1fjets_bin8 = -nan +/- 1,prop_binMixSRatleast1fjets_bin8_In = -0.126265,prop_binMixSRatleast1fjets_bin9 = -nan +/- 1,prop_binMixSRatleast1fjets_bin9_In = -0.0333149,prop_binMerSR0fjets_bin0 = -0.127907 +/- 1,prop_binMerSR0fjets_bin0_In = -0.127907,prop_binMerSR0fjets_bin1 = -0.175613 +/- 1,prop_binMerSR0fjets_bin1_In = -0.175613,prop_binMerSR0fjets_bin2 = -0.149259 +/- 1,prop_binMerSR0fjets_bin2_In = -0.149108,prop_binMerSR0fjets_bin3 = -0.10529 +/- 1,prop_binMerSR0fjets_bin3_In = -0.10529,prop_binMerSR0fjets_bin4 = -0.153485 +/- 1,prop_binMerSR0fjets_bin4_In = -0.153485,prop_binMerSR0fjets_bin5 = -0.120752 +/- 1,prop_binMerSR0fjets_bin5_In = -0.120752,prop_binMerSR0fjets_bin6 = -0.11917 +/- 1,prop_binMerSR0fjets_bin6_In = -0.11917,prop_binMerSR0fjets_bin7 = -0.0700066 +/- 1,prop_binMerSR0fjets_bin7_In = -0.0700066,prop_binMerSR0fjets_bin8 = -0.149082 +/- 1,prop_binMerSR0fjets_bin8_In = -0.149082,prop_binMerSR0fjets_bin9 = -0.109423 +/- 1,prop_binMerSR0fjets_bin9_In = -0.109423,prop_binMerSR0fjets_bin10 = -0.102756 +/- 1,prop_binMerSR0fjets_bin10_In = -0.102756,prop_binMerSR0fjets_bin11 = -0.033121 +/- 1,prop_binMerSR0fjets_bin11_In = -0.033121,prop_binMerSR0fjets_bin12 = -0.0721867 +/- 1,prop_binMerSR0fjets_bin12_In = -0.0721867,prop_binMerSRatleast1fjets_bin0 = -0.320272 +/- 1,prop_binMerSRatleast1fjets_bin0_In = -0.32005,prop_binMerSRatleast1fjets_bin1 = -0.186006 +/- 1,prop_binMerSRatleast1fjets_bin1_In = -0.185275,prop_binMerSRatleast1fjets_bin2 = -0.192352 +/- 1,prop_binMerSRatleast1fjets_bin2_In = -0.191581,prop_binMerSRatleast1fjets_bin3 = -0.220014 +/- 1,prop_binMerSRatleast1fjets_bin3_In = -0.218908,prop_binMerSRatleast1fjets_bin4 = -0.153005 +/- 1,prop_binMerSRatleast1fjets_bin4_In = -0.152653,prop_binMerSRatleast1fjets_bin5 = -0.195449 +/- 1,prop_binMerSRatleast1fjets_bin5_In = -0.195449,prop_binMerSRatleast1fjets_bin6 = -0.112788 +/- 1,prop_binMerSRatleast1fjets_bin6_In = -0.112478,prop_binMerSRatleast1fjets_bin7 = -0.0825727 +/- 1,prop_binMerSRatleast1fjets_bin7_In = -0.0825727,prop_binMerSRatleast1fjets_bin8 = -0.176838 +/- 1,prop_binMerSRatleast1fjets_bin8_In = -0.176838,prop_binMerSRatleast1fjets_bin9 = -0.119205 +/- 1,prop_binMerSRatleast1fjets_bin9_In = -0.119205,prop_binMerSRatleast1fjets_bin10 = -0.0391236 +/- 1,prop_binMerSRatleast1fjets_bin10_In = -0.0391236,prop_binMerSRatleast1fjets_bin11 = -0.0111931 +/- 1,prop_binMerSRatleast1fjets_bin11_In = -0.0111931,prop_binMerSRatleast1fjets_bin12 = -0.0466547 +/- 1,prop_binMerSRatleast1fjets_bin12_In = -0.0466547,prop_binAH_bin0 = -0.0247721 +/- 1,prop_binAH_bin0_In = -0.0109186,prop_binAH_bin1 = -0.0462296 +/- 1,prop_binAH_bin1_In = -0.0286434,prop_binAH_bin2 = -0.0459532 +/- 1,prop_binAH_bin2_In = -0.0277665,prop_binAH_bin3 = -0.0448729 +/- 1,prop_binAH_bin3_In = -0.0315457,prop_binAH_bin4 = -0.0260181 +/- 1,prop_binAH_bin4_In = -0.0186437,prop_binAH_bin5 = -0.0435192 +/- 1,prop_binAH_bin5_In = -0.0409303,prop_binAH_bin6 = -0.0489404 +/- 1,prop_binAH_bin6_In = -0.0473935,prop_binAH_bin7 = -0.0506675 +/- 1,prop_binAH_bin7_In = -0.0492391,prop_binAH_bin8 = -0.0379269 +/- 1,prop_binAH_bin8_In = -0.0367237,prop_binAH_bin9 = -0.0669679 +/- 1,prop_binAH_bin9_In = -0.0663212,prop_binAH_bin10 = -0.106247 +/- 1,prop_binAH_bin10_In = -0.105663,prop_binAH_bin11 = -0.0984537 +/- 1,prop_binAH_bin11_In = -0.0981594,prop_binAH_bin12 = -0.14097 +/- 1,prop_binAH_bin12_In = -0.140827,prop_binSL_bin0 = -0.00844757 +/- 1,prop_binSL_bin0_In = -0.00299018,prop_binSL_bin1 = -0.0138263 +/- 1,prop_binSL_bin1_In = -0.0110276,prop_binSL_bin2 = -0.0168262 +/- 1,prop_binSL_bin2_In = -0.0146286,prop_binSL_bin3 = -0.0271487 +/- 1,prop_binSL_bin3_In = -0.0255778,prop_binSL_bin4 = -0.0399217 +/- 1,prop_binSL_bin4_In = -0.0390298,prop_binSL_bin5 = -0.0377215 +/- 1,prop_binSL_bin5_In = -0.0372693,prop_binSL_bin6 = -0.030426 +/- 1,prop_binSL_bin6_In = -0.0301458,prop_binSL_bin7 = -0.0679506 +/- 1,prop_binSL_bin7_In = -0.067837,prop_binSL_bin8 = -0.047914 +/- 1,prop_binSL_bin8_In = -0.0477961,prop_binSL_bin9 = -0.0838563 +/- 1,prop_binSL_bin9_In = -0.0836853,prop_binSL_bin10 = -0.109236 +/- 1,prop_binSL_bin10_In = -0.109236,prop_binSL_bin11 = -0.054147 +/- 1,prop_binSL_bin11_In = -0.0541468,prop_binSL_bin12 = -0.156153 +/- 1,prop_binSL_bin12_In = -0.156153,prop_binAH1lWR_bin0 = 7 +/- 1,prop_binAH1lWR_bin0_In = 7,prop_binAH1lWR_bin1 = 7 +/- 1,prop_binAH1lWR_bin1_In = 7,prop_binAH1lWR_bin2 = 7 +/- 1,prop_binAH1lWR_bin2_In = 7,prop_binAH1lWR_bin3 = 7 +/- 1,prop_binAH1lWR_bin3_In = 7,prop_binAH1lWR_bin4 = 7 +/- 1,prop_binAH1lWR_bin4_In = 7,prop_binAH1lWR_bin5 = 7 +/- 1,prop_binAH1lWR_bin5_In = 7,prop_binAH1lWR_bin6 = 7 +/- 1,prop_binAH1lWR_bin6_In = 7,prop_binAH1lWR_bin7 = 7 +/- 1,prop_binAH1lWR_bin7_In = 7,prop_binAH1lWR_bin8 = 7 +/- 1,prop_binAH1lWR_bin8_In = 7,prop_binAH1lWR_bin9 = 7 +/- 1,prop_binAH1lWR_bin9_In = 7,prop_binAH1lWR_bin10 = 6.56728 +/- 1,prop_binAH1lWR_bin10_In = 6.56062,prop_binAH1lWR_bin11 = 2.81275 +/- 1,prop_binAH1lWR_bin11_In = 2.80986,prop_binAH1lWR_bin12 = 3.90079 +/- 1,prop_binAH1lWR_bin12_In = 3.89679,prop_binAH0lZR_bin0 = -0.0258185 +/- 1,prop_binAH0lZR_bin0_In = -0.0256302,prop_binAH0lZR_bin1 = -0.0408668 +/- 1,prop_binAH0lZR_bin1_In = -0.0405029,prop_binAH0lZR_bin2 = -0.0227143 +/- 1,prop_binAH0lZR_bin2_In = -0.0223185,prop_binAH0lZR_bin3 = -0.0195725 +/- 1,prop_binAH0lZR_bin3_In = -0.0189429,prop_binAH0lZR_bin4 = -0.0479883 +/- 1,prop_binAH0lZR_bin4_In = -0.0476957,prop_binAH0lZR_bin5 = -0.0278398 +/- 1,prop_binAH0lZR_bin5_In = -0.027593,prop_binAH0lZR_bin6 = -0.0615962 +/- 1,prop_binAH0lZR_bin6_In = -0.0615962,prop_binAH0lZR_bin7 = -0.081807 +/- 1,prop_binAH0lZR_bin7_In = -0.0818071,prop_binAH0lZR_bin8 = -0.068522 +/- 1,prop_binAH0lZR_bin8_In = -0.0685221,prop_binAH0lZR_bin9 = -0.0431377 +/- 1,prop_binAH0lZR_bin9_In = -0.0431377,prop_binAH0lZR_bin10 = -0.0615338 +/- 1,prop_binAH0lZR_bin10_In = -0.0615338,prop_binAH0lZR_bin11 = -0.184179 +/- 1,prop_binAH0lZR_bin11_In = -0.184179,prop_binAH0lZR_bin12 = -0.139623 +/- 1,prop_binAH0lZR_bin12_In = -0.139623,ONE = 1,r = 0.2 +/- 0,WJets_norm = 1 +/- 0,ZJets_norm = 1 +/- 0), catParams=()
WARNING: underflow to -nan in pdf_binMixSRatleast1fjets_obsOnly for bin 0, weight -nan
[#0] ERROR:Eval -- RooAbsReal::logEvalError(MixSRatleast1fjets) evaluation error, 
 origin       : RooAbsReal::MixSRatleast1fjets[ params=(ONE,jer,jesTotal,luminosity,prop_binMixSRatleast1fjets_bin0,prop_binMixSRatleast1fjets_bin1,prop_binMixSRatleast1fjets_bin2,prop_binMixSRatleast1fjets_bin3,prop_binMixSRatleast1fjets_bin4,prop_binMixSRatleast1fjets_bin5,prop_binMixSRatleast1fjets_bin6,prop_binMixSRatleast1fjets_bin7,prop_binMixSRatleast1fjets_bin8,prop_binMixSRatleast1fjets_bin9,pu,r) catParams=() ]
 message      : Number of events is negative or error
 server values: params=(ONE = 1,jer = 0 +/- 0,jesTotal = 0 +/- 0,luminosity = 0 +/- 0,prop_binMixSRatleast1fjets_bin0 = -nan +/- 1,prop_binMixSRatleast1fjets_bin1 = -nan +/- 1,prop_binMixSRatleast1fjets_bin2 = -nan +/- 1,prop_binMixSRatleast1fjets_bin3 = -nan +/- 1,prop_binMixSRatleast1fjets_bin4 = -nan +/- 1,prop_binMixSRatleast1fjets_bin5 = -nan +/- 1,prop_binMixSRatleast1fjets_bin6 = -nan +/- 1,prop_binMixSRatleast1fjets_bin7 = -nan +/- 1,prop_binMixSRatleast1fjets_bin8 = -nan +/- 1,prop_binMixSRatleast1fjets_bin9 = -nan +/- 1,pu = 0 +/- 0,r = 10 +/- 0), catParams=()
FASTEXIT from pdf_binMixSRatleast1fjets_obsOnly
[#0] ERROR:Eval -- RooAbsReal::logEvalError() evaluation error, 
 origin       : RooAbsReal::[ params=(jer,jer_In,jesTotal,jesTotal_In,luminosity,luminosity_In,pu,pu_In,prop_binMixSR0fjets_bin0,prop_binMixSR0fjets_bin0_In,prop_binMixSR0fjets_bin1,prop_binMixSR0fjets_bin1_In,prop_binMixSR0fjets_bin2,prop_binMixSR0fjets_bin2_In,prop_binMixSR0fjets_bin3,prop_binMixSR0fjets_bin3_In,prop_binMixSR0fjets_bin4,prop_binMixSR0fjets_bin4_In,prop_binMixSR0fjets_bin5,prop_binMixSR0fjets_bin5_In,prop_binMixSR0fjets_bin6,prop_binMixSR0fjets_bin6_In,prop_binMixSR0fjets_bin7,prop_binMixSR0fjets_bin7_In,prop_binMixSR0fjets_bin8,prop_binMixSR0fjets_bin8_In,prop_binMixSR0fjets_bin9,prop_binMixSR0fjets_bin9_In,prop_binMixSRatleast1fjets_bin0,prop_binMixSRatleast1fjets_bin0_In,prop_binMixSRatleast1fjets_bin1,prop_binMixSRatleast1fjets_bin1_In,prop_binMixSRatleast1fjets_bin2,prop_binMixSRatleast1fjets_bin2_In,prop_binMixSRatleast1fjets_bin3,prop_binMixSRatleast1fjets_bin3_In,prop_binMixSRatleast1fjets_bin4,prop_binMixSRatleast1fjets_bin4_In,prop_binMixSRatleast1fjets_bin5,prop_binMixSRatleast1fjets_bin5_In,prop_binMixSRatleast1fjets_bin6,prop_binMixSRatleast1fjets_bin6_In,prop_binMixSRatleast1fjets_bin7,prop_binMixSRatleast1fjets_bin7_In,prop_binMixSRatleast1fjets_bin8,prop_binMixSRatleast1fjets_bin8_In,prop_binMixSRatleast1fjets_bin9,prop_binMixSRatleast1fjets_bin9_In,prop_binMerSR0fjets_bin0,prop_binMerSR0fjets_bin0_In,prop_binMerSR0fjets_bin1,prop_binMerSR0fjets_bin1_In,prop_binMerSR0fjets_bin2,prop_binMerSR0fjets_bin2_In,prop_binMerSR0fjets_bin3,prop_binMerSR0fjets_bin3_In,prop_binMerSR0fjets_bin4,prop_binMerSR0fjets_bin4_In,prop_binMerSR0fjets_bin5,prop_binMerSR0fjets_bin5_In,prop_binMerSR0fjets_bin6,prop_binMerSR0fjets_bin6_In,prop_binMerSR0fjets_bin7,prop_binMerSR0fjets_bin7_In,prop_binMerSR0fjets_bin8,prop_binMerSR0fjets_bin8_In,prop_binMerSR0fjets_bin9,prop_binMerSR0fjets_bin9_In,prop_binMerSR0fjets_bin10,prop_binMerSR0fjets_bin10_In,prop_binMerSR0fjets_bin11,prop_binMerSR0fjets_bin11_In,prop_binMerSR0fjets_bin12,prop_binMerSR0fjets_bin12_In,prop_binMerSRatleast1fjets_bin0,prop_binMerSRatleast1fjets_bin0_In,prop_binMerSRatleast1fjets_bin1,prop_binMerSRatleast1fjets_bin1_In,prop_binMerSRatleast1fjets_bin2,prop_binMerSRatleast1fjets_bin2_In,prop_binMerSRatleast1fjets_bin3,prop_binMerSRatleast1fjets_bin3_In,prop_binMerSRatleast1fjets_bin4,prop_binMerSRatleast1fjets_bin4_In,prop_binMerSRatleast1fjets_bin5,prop_binMerSRatleast1fjets_bin5_In,prop_binMerSRatleast1fjets_bin6,prop_binMerSRatleast1fjets_bin6_In,prop_binMerSRatleast1fjets_bin7,prop_binMerSRatleast1fjets_bin7_In,prop_binMerSRatleast1fjets_bin8,prop_binMerSRatleast1fjets_bin8_In,prop_binMerSRatleast1fjets_bin9,prop_binMerSRatleast1fjets_bin9_In,prop_binMerSRatleast1fjets_bin10,prop_binMerSRatleast1fjets_bin10_In,prop_binMerSRatleast1fjets_bin11,prop_binMerSRatleast1fjets_bin11_In,prop_binMerSRatleast1fjets_bin12,prop_binMerSRatleast1fjets_bin12_In,prop_binAH_bin0,prop_binAH_bin0_In,prop_binAH_bin1,prop_binAH_bin1_In,prop_binAH_bin2,prop_binAH_bin2_In,prop_binAH_bin3,prop_binAH_bin3_In,prop_binAH_bin4,prop_binAH_bin4_In,prop_binAH_bin5,prop_binAH_bin5_In,prop_binAH_bin6,prop_binAH_bin6_In,prop_binAH_bin7,prop_binAH_bin7_In,prop_binAH_bin8,prop_binAH_bin8_In,prop_binAH_bin9,prop_binAH_bin9_In,prop_binAH_bin10,prop_binAH_bin10_In,prop_binAH_bin11,prop_binAH_bin11_In,prop_binAH_bin12,prop_binAH_bin12_In,prop_binSL_bin0,prop_binSL_bin0_In,prop_binSL_bin1,prop_binSL_bin1_In,prop_binSL_bin2,prop_binSL_bin2_In,prop_binSL_bin3,prop_binSL_bin3_In,prop_binSL_bin4,prop_binSL_bin4_In,prop_binSL_bin5,prop_binSL_bin5_In,prop_binSL_bin6,prop_binSL_bin6_In,prop_binSL_bin7,prop_binSL_bin7_In,prop_binSL_bin8,prop_binSL_bin8_In,prop_binSL_bin9,prop_binSL_bin9_In,prop_binSL_bin10,prop_binSL_bin10_In,prop_binSL_bin11,prop_binSL_bin11_In,prop_binSL_bin12,prop_binSL_bin12_In,prop_binAH1lWR_bin0,prop_binAH1lWR_bin0_In,prop_binAH1lWR_bin1,prop_binAH1lWR_bin1_In,prop_binAH1lWR_bin2,prop_binAH1lWR_bin2_In,prop_binAH1lWR_bin3,prop_binAH1lWR_bin3_In,prop_binAH1lWR_bin4,prop_binAH1lWR_bin4_In,prop_binAH1lWR_bin5,prop_binAH1lWR_bin5_In,prop_binAH1lWR_bin6,prop_binAH1lWR_bin6_In,prop_binAH1lWR_bin7,prop_binAH1lWR_bin7_In,prop_binAH1lWR_bin8,prop_binAH1lWR_bin8_In,prop_binAH1lWR_bin9,prop_binAH1lWR_bin9_In,prop_binAH1lWR_bin10,prop_binAH1lWR_bin10_In,prop_binAH1lWR_bin11,prop_binAH1lWR_bin11_In,prop_binAH1lWR_bin12,prop_binAH1lWR_bin12_In,prop_binAH0lZR_bin0,prop_binAH0lZR_bin0_In,prop_binAH0lZR_bin1,prop_binAH0lZR_bin1_In,prop_binAH0lZR_bin2,prop_binAH0lZR_bin2_In,prop_binAH0lZR_bin3,prop_binAH0lZR_bin3_In,prop_binAH0lZR_bin4,prop_binAH0lZR_bin4_In,prop_binAH0lZR_bin5,prop_binAH0lZR_bin5_In,prop_binAH0lZR_bin6,prop_binAH0lZR_bin6_In,prop_binAH0lZR_bin7,prop_binAH0lZR_bin7_In,prop_binAH0lZR_bin8,prop_binAH0lZR_bin8_In,prop_binAH0lZR_bin9,prop_binAH0lZR_bin9_In,prop_binAH0lZR_bin10,prop_binAH0lZR_bin10_In,prop_binAH0lZR_bin11,prop_binAH0lZR_bin11_In,prop_binAH0lZR_bin12,prop_binAH0lZR_bin12_In,ONE,r,WJets_norm,ZJets_norm) catParams=() ]
 message      : function value is NAN
 server values: params=(jer = 0 +/- 0,jer_In = 0,jesTotal = 0 +/- 0,jesTotal_In = 0,luminosity = 0 +/- 0,luminosity_In = 0,pu = 0 +/- 0,pu_In = 0,prop_binMixSR0fjets_bin0 = -0.0790595 +/- 1,prop_binMixSR0fjets_bin0_In = -0.0788549,prop_binMixSR0fjets_bin1 = -0.194853 +/- 1,prop_binMixSR0fjets_bin1_In = -0.193882,prop_binMixSR0fjets_bin2 = -0.41409 +/- 1,prop_binMixSR0fjets_bin2_In = -0.412919,prop_binMixSR0fjets_bin3 = -0.487215 +/- 1,prop_binMixSR0fjets_bin3_In = -0.486507,prop_binMixSR0fjets_bin4 = -0.439597 +/- 1,prop_binMixSR0fjets_bin4_In = -0.439597,prop_binMixSR0fjets_bin5 = -0.258363 +/- 1,prop_binMixSR0fjets_bin5_In = -0.258363,prop_binMixSR0fjets_bin6 = -0.0947715 +/- 1,prop_binMixSR0fjets_bin6_In = -0.0947715,prop_binMixSR0fjets_bin7 = -0.0868181 +/- 1,prop_binMixSR0fjets_bin7_In = -0.0868181,prop_binMixSR0fjets_bin8 = -0.0191154 +/- 1,prop_binMixSR0fjets_bin8_In = -0.0191154,prop_binMixSR0fjets_bin9 = -0.0232623 +/- 1,prop_binMixSR0fjets_bin9_In = -0.0232623,prop_binMixSRatleast1fjets_bin0 = -nan +/- 1,prop_binMixSRatleast1fjets_bin0_In = -0.125907,prop_binMixSRatleast1fjets_bin1 = -nan +/- 1,prop_binMixSRatleast1fjets_bin1_In = -0.0540419,prop_binMixSRatleast1fjets_bin2 = -nan +/- 1,prop_binMixSRatleast1fjets_bin2_In = -0.305233,prop_binMixSRatleast1fjets_bin3 = -nan +/- 1,prop_binMixSRatleast1fjets_bin3_In = -0.152606,prop_binMixSRatleast1fjets_bin4 = -nan +/- 1,prop_binMixSRatleast1fjets_bin4_In = -nan,prop_binMixSRatleast1fjets_bin5 = -nan +/- 1,prop_binMixSRatleast1fjets_bin5_In = -0.162581,prop_binMixSRatleast1fjets_bin6 = -nan +/- 1,prop_binMixSRatleast1fjets_bin6_In = -0.167271,prop_binMixSRatleast1fjets_bin7 = -nan +/- 1,prop_binMixSRatleast1fjets_bin7_In = -0.0948839,prop_binMixSRatleast1fjets_bin8 = -nan +/- 1,prop_binMixSRatleast1fjets_bin8_In = -0.126265,prop_binMixSRatleast1fjets_bin9 = -nan +/- 1,prop_binMixSRatleast1fjets_bin9_In = -0.0333149,prop_binMerSR0fjets_bin0 = -0.127907 +/- 1,prop_binMerSR0fjets_bin0_In = -0.127907,prop_binMerSR0fjets_bin1 = -0.175613 +/- 1,prop_binMerSR0fjets_bin1_In = -0.175613,prop_binMerSR0fjets_bin2 = -0.149259 +/- 1,prop_binMerSR0fjets_bin2_In = -0.149108,prop_binMerSR0fjets_bin3 = -0.10529 +/- 1,prop_binMerSR0fjets_bin3_In = -0.10529,prop_binMerSR0fjets_bin4 = -0.153485 +/- 1,prop_binMerSR0fjets_bin4_In = -0.153485,prop_binMerSR0fjets_bin5 = -0.120752 +/- 1,prop_binMerSR0fjets_bin5_In = -0.120752,prop_binMerSR0fjets_bin6 = -0.11917 +/- 1,prop_binMerSR0fjets_bin6_In = -0.11917,prop_binMerSR0fjets_bin7 = -0.0700066 +/- 1,prop_binMerSR0fjets_bin7_In = -0.0700066,prop_binMerSR0fjets_bin8 = -0.149082 +/- 1,prop_binMerSR0fjets_bin8_In = -0.149082,prop_binMerSR0fjets_bin9 = -0.109423 +/- 1,prop_binMerSR0fjets_bin9_In = -0.109423,prop_binMerSR0fjets_bin10 = -0.102756 +/- 1,prop_binMerSR0fjets_bin10_In = -0.102756,prop_binMerSR0fjets_bin11 = -0.033121 +/- 1,prop_binMerSR0fjets_bin11_In = -0.033121,prop_binMerSR0fjets_bin12 = -0.0721867 +/- 1,prop_binMerSR0fjets_bin12_In = -0.0721867,prop_binMerSRatleast1fjets_bin0 = -0.320272 +/- 1,prop_binMerSRatleast1fjets_bin0_In = -0.32005,prop_binMerSRatleast1fjets_bin1 = -0.186006 +/- 1,prop_binMerSRatleast1fjets_bin1_In = -0.185275,prop_binMerSRatleast1fjets_bin2 = -0.192352 +/- 1,prop_binMerSRatleast1fjets_bin2_In = -0.191581,prop_binMerSRatleast1fjets_bin3 = -0.220014 +/- 1,prop_binMerSRatleast1fjets_bin3_In = -0.218908,prop_binMerSRatleast1fjets_bin4 = -0.153005 +/- 1,prop_binMerSRatleast1fjets_bin4_In = -0.152653,prop_binMerSRatleast1fjets_bin5 = -0.195449 +/- 1,prop_binMerSRatleast1fjets_bin5_In = -0.195449,prop_binMerSRatleast1fjets_bin6 = -0.112788 +/- 1,prop_binMerSRatleast1fjets_bin6_In = -0.112478,prop_binMerSRatleast1fjets_bin7 = -0.0825727 +/- 1,prop_binMerSRatleast1fjets_bin7_In = -0.0825727,prop_binMerSRatleast1fjets_bin8 = -0.176838 +/- 1,prop_binMerSRatleast1fjets_bin8_In = -0.176838,prop_binMerSRatleast1fjets_bin9 = -0.119205 +/- 1,prop_binMerSRatleast1fjets_bin9_In = -0.119205,prop_binMerSRatleast1fjets_bin10 = -0.0391236 +/- 1,prop_binMerSRatleast1fjets_bin10_In = -0.0391236,prop_binMerSRatleast1fjets_bin11 = -0.0111931 +/- 1,prop_binMerSRatleast1fjets_bin11_In = -0.0111931,prop_binMerSRatleast1fjets_bin12 = -0.0466547 +/- 1,prop_binMerSRatleast1fjets_bin12_In = -0.0466547,prop_binAH_bin0 = -0.0247721 +/- 1,prop_binAH_bin0_In = -0.0109186,prop_binAH_bin1 = -0.0462296 +/- 1,prop_binAH_bin1_In = -0.0286434,prop_binAH_bin2 = -0.0459532 +/- 1,prop_binAH_bin2_In = -0.0277665,prop_binAH_bin3 = -0.0448729 +/- 1,prop_binAH_bin3_In = -0.0315457,prop_binAH_bin4 = -0.0260181 +/- 1,prop_binAH_bin4_In = -0.0186437,prop_binAH_bin5 = -0.0435192 +/- 1,prop_binAH_bin5_In = -0.0409303,prop_binAH_bin6 = -0.0489404 +/- 1,prop_binAH_bin6_In = -0.0473935,prop_binAH_bin7 = -0.0506675 +/- 1,prop_binAH_bin7_In = -0.0492391,prop_binAH_bin8 = -0.0379269 +/- 1,prop_binAH_bin8_In = -0.0367237,prop_binAH_bin9 = -0.0669679 +/- 1,prop_binAH_bin9_In = -0.0663212,prop_binAH_bin10 = -0.106247 +/- 1,prop_binAH_bin10_In = -0.105663,prop_binAH_bin11 = -0.0984537 +/- 1,prop_binAH_bin11_In = -0.0981594,prop_binAH_bin12 = -0.14097 +/- 1,prop_binAH_bin12_In = -0.140827,prop_binSL_bin0 = -0.00844757 +/- 1,prop_binSL_bin0_In = -0.00299018,prop_binSL_bin1 = -0.0138263 +/- 1,prop_binSL_bin1_In = -0.0110276,prop_binSL_bin2 = -0.0168262 +/- 1,prop_binSL_bin2_In = -0.0146286,prop_binSL_bin3 = -0.0271487 +/- 1,prop_binSL_bin3_In = -0.0255778,prop_binSL_bin4 = -0.0399217 +/- 1,prop_binSL_bin4_In = -0.0390298,prop_binSL_bin5 = -0.0377215 +/- 1,prop_binSL_bin5_In = -0.0372693,prop_binSL_bin6 = -0.030426 +/- 1,prop_binSL_bin6_In = -0.0301458,prop_binSL_bin7 = -0.0679506 +/- 1,prop_binSL_bin7_In = -0.067837,prop_binSL_bin8 = -0.047914 +/- 1,prop_binSL_bin8_In = -0.0477961,prop_binSL_bin9 = -0.0838563 +/- 1,prop_binSL_bin9_In = -0.0836853,prop_binSL_bin10 = -0.109236 +/- 1,prop_binSL_bin10_In = -0.109236,prop_binSL_bin11 = -0.054147 +/- 1,prop_binSL_bin11_In = -0.0541468,prop_binSL_bin12 = -0.156153 +/- 1,prop_binSL_bin12_In = -0.156153,prop_binAH1lWR_bin0 = 7 +/- 1,prop_binAH1lWR_bin0_In = 7,prop_binAH1lWR_bin1 = 7 +/- 1,prop_binAH1lWR_bin1_In = 7,prop_binAH1lWR_bin2 = 7 +/- 1,prop_binAH1lWR_bin2_In = 7,prop_binAH1lWR_bin3 = 7 +/- 1,prop_binAH1lWR_bin3_In = 7,prop_binAH1lWR_bin4 = 7 +/- 1,prop_binAH1lWR_bin4_In = 7,prop_binAH1lWR_bin5 = 7 +/- 1,prop_binAH1lWR_bin5_In = 7,prop_binAH1lWR_bin6 = 7 +/- 1,prop_binAH1lWR_bin6_In = 7,prop_binAH1lWR_bin7 = 7 +/- 1,prop_binAH1lWR_bin7_In = 7,prop_binAH1lWR_bin8 = 7 +/- 1,prop_binAH1lWR_bin8_In = 7,prop_binAH1lWR_bin9 = 7 +/- 1,prop_binAH1lWR_bin9_In = 7,prop_binAH1lWR_bin10 = 6.56728 +/- 1,prop_binAH1lWR_bin10_In = 6.56062,prop_binAH1lWR_bin11 = 2.81275 +/- 1,prop_binAH1lWR_bin11_In = 2.80986,prop_binAH1lWR_bin12 = 3.90079 +/- 1,prop_binAH1lWR_bin12_In = 3.89679,prop_binAH0lZR_bin0 = -0.0258185 +/- 1,prop_binAH0lZR_bin0_In = -0.0256302,prop_binAH0lZR_bin1 = -0.0408668 +/- 1,prop_binAH0lZR_bin1_In = -0.0405029,prop_binAH0lZR_bin2 = -0.0227143 +/- 1,prop_binAH0lZR_bin2_In = -0.0223185,prop_binAH0lZR_bin3 = -0.0195725 +/- 1,prop_binAH0lZR_bin3_In = -0.0189429,prop_binAH0lZR_bin4 = -0.0479883 +/- 1,prop_binAH0lZR_bin4_In = -0.0476957,prop_binAH0lZR_bin5 = -0.0278398 +/- 1,prop_binAH0lZR_bin5_In = -0.027593,prop_binAH0lZR_bin6 = -0.0615962 +/- 1,prop_binAH0lZR_bin6_In = -0.0615962,prop_binAH0lZR_bin7 = -0.081807 +/- 1,prop_binAH0lZR_bin7_In = -0.0818071,prop_binAH0lZR_bin8 = -0.068522 +/- 1,prop_binAH0lZR_bin8_In = -0.0685221,prop_binAH0lZR_bin9 = -0.0431377 +/- 1,prop_binAH0lZR_bin9_In = -0.0431377,prop_binAH0lZR_bin10 = -0.0615338 +/- 1,prop_binAH0lZR_bin10_In = -0.0615338,prop_binAH0lZR_bin11 = -0.184179 +/- 1,prop_binAH0lZR_bin11_In = -0.184179,prop_binAH0lZR_bin12 = -0.139623 +/- 1,prop_binAH0lZR_bin12_In = -0.139623,ONE = 1,r = 10 +/- 0,WJets_norm = 1 +/- 0,ZJets_norm = 1 +/- 0), catParams=()
WARNING: underflow to -nan in pdf_binMixSRatleast1fjets_obsOnly for bin 0, weight -nan
[#0] ERROR:Eval -- RooAbsReal::logEvalError(MixSRatleast1fjets) evaluation error, 
 origin       : RooAbsReal::MixSRatleast1fjets[ params=(ONE,jer,jesTotal,luminosity,prop_binMixSRatleast1fjets_bin0,prop_binMixSRatleast1fjets_bin1,prop_binMixSRatleast1fjets_bin2,prop_binMixSRatleast1fjets_bin3,prop_binMixSRatleast1fjets_bin4,prop_binMixSRatleast1fjets_bin5,prop_binMixSRatleast1fjets_bin6,prop_binMixSRatleast1fjets_bin7,prop_binMixSRatleast1fjets_bin8,prop_binMixSRatleast1fjets_bin9,pu,r) catParams=() ]
 message      : Number of events is negative or error
 server values: params=(ONE = 1,jer = 0 +/- 0,jesTotal = 0 +/- 0,luminosity = 0 +/- 0,prop_binMixSRatleast1fjets_bin0 = -nan +/- 1,prop_binMixSRatleast1fjets_bin1 = -nan +/- 1,prop_binMixSRatleast1fjets_bin2 = -nan +/- 1,prop_binMixSRatleast1fjets_bin3 = -nan +/- 1,prop_binMixSRatleast1fjets_bin4 = -nan +/- 1,prop_binMixSRatleast1fjets_bin5 = -nan +/- 1,prop_binMixSRatleast1fjets_bin6 = -nan +/- 1,prop_binMixSRatleast1fjets_bin7 = -nan +/- 1,prop_binMixSRatleast1fjets_bin8 = -nan +/- 1,prop_binMixSRatleast1fjets_bin9 = -nan +/- 1,pu = 0 +/- 0,r = 1 +/- 0), catParams=()
FASTEXIT from pdf_binMixSRatleast1fjets_obsOnly
[#0] ERROR:Eval -- RooAbsReal::logEvalError() evaluation error, 
 origin       : RooAbsReal::[ params=(jer,jer_In,jesTotal,jesTotal_In,luminosity,luminosity_In,pu,pu_In,prop_binMixSR0fjets_bin0,prop_binMixSR0fjets_bin0_In,prop_binMixSR0fjets_bin1,prop_binMixSR0fjets_bin1_In,prop_binMixSR0fjets_bin2,prop_binMixSR0fjets_bin2_In,prop_binMixSR0fjets_bin3,prop_binMixSR0fjets_bin3_In,prop_binMixSR0fjets_bin4,prop_binMixSR0fjets_bin4_In,prop_binMixSR0fjets_bin5,prop_binMixSR0fjets_bin5_In,prop_binMixSR0fjets_bin6,prop_binMixSR0fjets_bin6_In,prop_binMixSR0fjets_bin7,prop_binMixSR0fjets_bin7_In,prop_binMixSR0fjets_bin8,prop_binMixSR0fjets_bin8_In,prop_binMixSR0fjets_bin9,prop_binMixSR0fjets_bin9_In,prop_binMixSRatleast1fjets_bin0,prop_binMixSRatleast1fjets_bin0_In,prop_binMixSRatleast1fjets_bin1,prop_binMixSRatleast1fjets_bin1_In,prop_binMixSRatleast1fjets_bin2,prop_binMixSRatleast1fjets_bin2_In,prop_binMixSRatleast1fjets_bin3,prop_binMixSRatleast1fjets_bin3_In,prop_binMixSRatleast1fjets_bin4,prop_binMixSRatleast1fjets_bin4_In,prop_binMixSRatleast1fjets_bin5,prop_binMixSRatleast1fjets_bin5_In,prop_binMixSRatleast1fjets_bin6,prop_binMixSRatleast1fjets_bin6_In,prop_binMixSRatleast1fjets_bin7,prop_binMixSRatleast1fjets_bin7_In,prop_binMixSRatleast1fjets_bin8,prop_binMixSRatleast1fjets_bin8_In,prop_binMixSRatleast1fjets_bin9,prop_binMixSRatleast1fjets_bin9_In,prop_binMerSR0fjets_bin0,prop_binMerSR0fjets_bin0_In,prop_binMerSR0fjets_bin1,prop_binMerSR0fjets_bin1_In,prop_binMerSR0fjets_bin2,prop_binMerSR0fjets_bin2_In,prop_binMerSR0fjets_bin3,prop_binMerSR0fjets_bin3_In,prop_binMerSR0fjets_bin4,prop_binMerSR0fjets_bin4_In,prop_binMerSR0fjets_bin5,prop_binMerSR0fjets_bin5_In,prop_binMerSR0fjets_bin6,prop_binMerSR0fjets_bin6_In,prop_binMerSR0fjets_bin7,prop_binMerSR0fjets_bin7_In,prop_binMerSR0fjets_bin8,prop_binMerSR0fjets_bin8_In,prop_binMerSR0fjets_bin9,prop_binMerSR0fjets_bin9_In,prop_binMerSR0fjets_bin10,prop_binMerSR0fjets_bin10_In,prop_binMerSR0fjets_bin11,prop_binMerSR0fjets_bin11_In,prop_binMerSR0fjets_bin12,prop_binMerSR0fjets_bin12_In,prop_binMerSRatleast1fjets_bin0,prop_binMerSRatleast1fjets_bin0_In,prop_binMerSRatleast1fjets_bin1,prop_binMerSRatleast1fjets_bin1_In,prop_binMerSRatleast1fjets_bin2,prop_binMerSRatleast1fjets_bin2_In,prop_binMerSRatleast1fjets_bin3,prop_binMerSRatleast1fjets_bin3_In,prop_binMerSRatleast1fjets_bin4,prop_binMerSRatleast1fjets_bin4_In,prop_binMerSRatleast1fjets_bin5,prop_binMerSRatleast1fjets_bin5_In,prop_binMerSRatleast1fjets_bin6,prop_binMerSRatleast1fjets_bin6_In,prop_binMerSRatleast1fjets_bin7,prop_binMerSRatleast1fjets_bin7_In,prop_binMerSRatleast1fjets_bin8,prop_binMerSRatleast1fjets_bin8_In,prop_binMerSRatleast1fjets_bin9,prop_binMerSRatleast1fjets_bin9_In,prop_binMerSRatleast1fjets_bin10,prop_binMerSRatleast1fjets_bin10_In,prop_binMerSRatleast1fjets_bin11,prop_binMerSRatleast1fjets_bin11_In,prop_binMerSRatleast1fjets_bin12,prop_binMerSRatleast1fjets_bin12_In,prop_binAH_bin0,prop_binAH_bin0_In,prop_binAH_bin1,prop_binAH_bin1_In,prop_binAH_bin2,prop_binAH_bin2_In,prop_binAH_bin3,prop_binAH_bin3_In,prop_binAH_bin4,prop_binAH_bin4_In,prop_binAH_bin5,prop_binAH_bin5_In,prop_binAH_bin6,prop_binAH_bin6_In,prop_binAH_bin7,prop_binAH_bin7_In,prop_binAH_bin8,prop_binAH_bin8_In,prop_binAH_bin9,prop_binAH_bin9_In,prop_binAH_bin10,prop_binAH_bin10_In,prop_binAH_bin11,prop_binAH_bin11_In,prop_binAH_bin12,prop_binAH_bin12_In,prop_binSL_bin0,prop_binSL_bin0_In,prop_binSL_bin1,prop_binSL_bin1_In,prop_binSL_bin2,prop_binSL_bin2_In,prop_binSL_bin3,prop_binSL_bin3_In,prop_binSL_bin4,prop_binSL_bin4_In,prop_binSL_bin5,prop_binSL_bin5_In,prop_binSL_bin6,prop_binSL_bin6_In,prop_binSL_bin7,prop_binSL_bin7_In,prop_binSL_bin8,prop_binSL_bin8_In,prop_binSL_bin9,prop_binSL_bin9_In,prop_binSL_bin10,prop_binSL_bin10_In,prop_binSL_bin11,prop_binSL_bin11_In,prop_binSL_bin12,prop_binSL_bin12_In,prop_binAH1lWR_bin0,prop_binAH1lWR_bin0_In,prop_binAH1lWR_bin1,prop_binAH1lWR_bin1_In,prop_binAH1lWR_bin2,prop_binAH1lWR_bin2_In,prop_binAH1lWR_bin3,prop_binAH1lWR_bin3_In,prop_binAH1lWR_bin4,prop_binAH1lWR_bin4_In,prop_binAH1lWR_bin5,prop_binAH1lWR_bin5_In,prop_binAH1lWR_bin6,prop_binAH1lWR_bin6_In,prop_binAH1lWR_bin7,prop_binAH1lWR_bin7_In,prop_binAH1lWR_bin8,prop_binAH1lWR_bin8_In,prop_binAH1lWR_bin9,prop_binAH1lWR_bin9_In,prop_binAH1lWR_bin10,prop_binAH1lWR_bin10_In,prop_binAH1lWR_bin11,prop_binAH1lWR_bin11_In,prop_binAH1lWR_bin12,prop_binAH1lWR_bin12_In,prop_binAH0lZR_bin0,prop_binAH0lZR_bin0_In,prop_binAH0lZR_bin1,prop_binAH0lZR_bin1_In,prop_binAH0lZR_bin2,prop_binAH0lZR_bin2_In,prop_binAH0lZR_bin3,prop_binAH0lZR_bin3_In,prop_binAH0lZR_bin4,prop_binAH0lZR_bin4_In,prop_binAH0lZR_bin5,prop_binAH0lZR_bin5_In,prop_binAH0lZR_bin6,prop_binAH0lZR_bin6_In,prop_binAH0lZR_bin7,prop_binAH0lZR_bin7_In,prop_binAH0lZR_bin8,prop_binAH0lZR_bin8_In,prop_binAH0lZR_bin9,prop_binAH0lZR_bin9_In,prop_binAH0lZR_bin10,prop_binAH0lZR_bin10_In,prop_binAH0lZR_bin11,prop_binAH0lZR_bin11_In,prop_binAH0lZR_bin12,prop_binAH0lZR_bin12_In,ONE,r,WJets_norm,ZJets_norm) catParams=() ]
 message      : function value is NAN
 server values: params=(jer = 0 +/- 0,jer_In = 0,jesTotal = 0 +/- 0,jesTotal_In = 0,luminosity = 0 +/- 0,luminosity_In = 0,pu = 0 +/- 0,pu_In = 0,prop_binMixSR0fjets_bin0 = -0.079878 +/- 1,prop_binMixSR0fjets_bin0_In = -0.0788549,prop_binMixSR0fjets_bin1 = -0.198728 +/- 1,prop_binMixSR0fjets_bin1_In = -0.193882,prop_binMixSR0fjets_bin2 = -0.418756 +/- 1,prop_binMixSR0fjets_bin2_In = -0.412919,prop_binMixSR0fjets_bin3 = -0.49004 +/- 1,prop_binMixSR0fjets_bin3_In = -0.486507,prop_binMixSR0fjets_bin4 = -0.439597 +/- 1,prop_binMixSR0fjets_bin4_In = -0.439597,prop_binMixSR0fjets_bin5 = -0.258363 +/- 1,prop_binMixSR0fjets_bin5_In = -0.258363,prop_binMixSR0fjets_bin6 = -0.0947715 +/- 1,prop_binMixSR0fjets_bin6_In = -0.0947715,prop_binMixSR0fjets_bin7 = -0.0868181 +/- 1,prop_binMixSR0fjets_bin7_In = -0.0868181,prop_binMixSR0fjets_bin8 = -0.0191154 +/- 1,prop_binMixSR0fjets_bin8_In = -0.0191154,prop_binMixSR0fjets_bin9 = -0.0232623 +/- 1,prop_binMixSR0fjets_bin9_In = -0.0232623,prop_binMixSRatleast1fjets_bin0 = -nan +/- 1,prop_binMixSRatleast1fjets_bin0_In = -0.125907,prop_binMixSRatleast1fjets_bin1 = -nan +/- 1,prop_binMixSRatleast1fjets_bin1_In = -0.0540419,prop_binMixSRatleast1fjets_bin2 = -nan +/- 1,prop_binMixSRatleast1fjets_bin2_In = -0.305233,prop_binMixSRatleast1fjets_bin3 = -nan +/- 1,prop_binMixSRatleast1fjets_bin3_In = -0.152606,prop_binMixSRatleast1fjets_bin4 = -nan +/- 1,prop_binMixSRatleast1fjets_bin4_In = -nan,prop_binMixSRatleast1fjets_bin5 = -nan +/- 1,prop_binMixSRatleast1fjets_bin5_In = -0.162581,prop_binMixSRatleast1fjets_bin6 = -nan +/- 1,prop_binMixSRatleast1fjets_bin6_In = -0.167271,prop_binMixSRatleast1fjets_bin7 = -nan +/- 1,prop_binMixSRatleast1fjets_bin7_In = -0.0948839,prop_binMixSRatleast1fjets_bin8 = -nan +/- 1,prop_binMixSRatleast1fjets_bin8_In = -0.126265,prop_binMixSRatleast1fjets_bin9 = -nan +/- 1,prop_binMixSRatleast1fjets_bin9_In = -0.0333149,prop_binMerSR0fjets_bin0 = -0.127907 +/- 1,prop_binMerSR0fjets_bin0_In = -0.127907,prop_binMerSR0fjets_bin1 = -0.175613 +/- 1,prop_binMerSR0fjets_bin1_In = -0.175613,prop_binMerSR0fjets_bin2 = -0.14986 +/- 1,prop_binMerSR0fjets_bin2_In = -0.149108,prop_binMerSR0fjets_bin3 = -0.10529 +/- 1,prop_binMerSR0fjets_bin3_In = -0.10529,prop_binMerSR0fjets_bin4 = -0.153485 +/- 1,prop_binMerSR0fjets_bin4_In = -0.153485,prop_binMerSR0fjets_bin5 = -0.120752 +/- 1,prop_binMerSR0fjets_bin5_In = -0.120752,prop_binMerSR0fjets_bin6 = -0.11917 +/- 1,prop_binMerSR0fjets_bin6_In = -0.11917,prop_binMerSR0fjets_bin7 = -0.0700066 +/- 1,prop_binMerSR0fjets_bin7_In = -0.0700066,prop_binMerSR0fjets_bin8 = -0.149082 +/- 1,prop_binMerSR0fjets_bin8_In = -0.149082,prop_binMerSR0fjets_bin9 = -0.109423 +/- 1,prop_binMerSR0fjets_bin9_In = -0.109423,prop_binMerSR0fjets_bin10 = -0.102756 +/- 1,prop_binMerSR0fjets_bin10_In = -0.102756,prop_binMerSR0fjets_bin11 = -0.033121 +/- 1,prop_binMerSR0fjets_bin11_In = -0.033121,prop_binMerSR0fjets_bin12 = -0.0721867 +/- 1,prop_binMerSR0fjets_bin12_In = -0.0721867,prop_binMerSRatleast1fjets_bin0 = -0.32116 +/- 1,prop_binMerSRatleast1fjets_bin0_In = -0.32005,prop_binMerSRatleast1fjets_bin1 = -0.188865 +/- 1,prop_binMerSRatleast1fjets_bin1_In = -0.185275,prop_binMerSRatleast1fjets_bin2 = -0.195368 +/- 1,prop_binMerSRatleast1fjets_bin2_In = -0.191581,prop_binMerSRatleast1fjets_bin3 = -0.224328 +/- 1,prop_binMerSRatleast1fjets_bin3_In = -0.218908,prop_binMerSRatleast1fjets_bin4 = -0.154395 +/- 1,prop_binMerSRatleast1fjets_bin4_In = -0.152653,prop_binMerSRatleast1fjets_bin5 = -0.195449 +/- 1,prop_binMerSRatleast1fjets_bin5_In = -0.195449,prop_binMerSRatleast1fjets_bin6 = -0.114011 +/- 1,prop_binMerSRatleast1fjets_bin6_In = -0.112478,prop_binMerSRatleast1fjets_bin7 = -0.0825727 +/- 1,prop_binMerSRatleast1fjets_bin7_In = -0.0825727,prop_binMerSRatleast1fjets_bin8 = -0.176838 +/- 1,prop_binMerSRatleast1fjets_bin8_In = -0.176838,prop_binMerSRatleast1fjets_bin9 = -0.119205 +/- 1,prop_binMerSRatleast1fjets_bin9_In = -0.119205,prop_binMerSRatleast1fjets_bin10 = -0.0391236 +/- 1,prop_binMerSRatleast1fjets_bin10_In = -0.0391236,prop_binMerSRatleast1fjets_bin11 = -0.0111931 +/- 1,prop_binMerSRatleast1fjets_bin11_In = -0.0111931,prop_binMerSRatleast1fjets_bin12 = -0.0466547 +/- 1,prop_binMerSRatleast1fjets_bin12_In = -0.0466547,prop_binAH_bin0 = -0.0801636 +/- 1,prop_binAH_bin0_In = -0.0109186,prop_binAH_bin1 = -0.116509 +/- 1,prop_binAH_bin1_In = -0.0286434,prop_binAH_bin2 = -0.118621 +/- 1,prop_binAH_bin2_In = -0.0277665,prop_binAH_bin3 = -0.0981338 +/- 1,prop_binAH_bin3_In = -0.0315457,prop_binAH_bin4 = -0.0554972 +/- 1,prop_binAH_bin4_In = -0.0186437,prop_binAH_bin5 = -0.053871 +/- 1,prop_binAH_bin5_In = -0.0409303,prop_binAH_bin6 = -0.0551257 +/- 1,prop_binAH_bin6_In = -0.0473935,prop_binAH_bin7 = -0.0563794 +/- 1,prop_binAH_bin7_In = -0.0492391,prop_binAH_bin8 = -0.0427388 +/- 1,prop_binAH_bin8_In = -0.0367237,prop_binAH_bin9 = -0.069554 +/- 1,prop_binAH_bin9_In = -0.0663212,prop_binAH_bin10 = -0.108581 +/- 1,prop_binAH_bin10_In = -0.105663,prop_binAH_bin11 = -0.0996307 +/- 1,prop_binAH_bin11_In = -0.0981594,prop_binAH_bin12 = -0.141542 +/- 1,prop_binAH_bin12_In = -0.140827,prop_binSL_bin0 = -0.0303168 +/- 1,prop_binSL_bin0_In = -0.00299018,prop_binSL_bin1 = -0.0250144 +/- 1,prop_binSL_bin1_In = -0.0110276,prop_binSL_bin2 = -0.0256096 +/- 1,prop_binSL_bin2_In = -0.0146286,prop_binSL_bin3 = -0.0334282 +/- 1,prop_binSL_bin3_In = -0.0255778,prop_binSL_bin4 = -0.0434828 +/- 1,prop_binSL_bin4_In = -0.0390298,prop_binSL_bin5 = -0.0395262 +/- 1,prop_binSL_bin5_In = -0.0372693,prop_binSL_bin6 = -0.0315436 +/- 1,prop_binSL_bin6_In = -0.0301458,prop_binSL_bin7 = -0.0684036 +/- 1,prop_binSL_bin7_In = -0.067837,prop_binSL_bin8 = -0.0483843 +/- 1,prop_binSL_bin8_In = -0.0477961,prop_binSL_bin9 = -0.0845371 +/- 1,prop_binSL_bin9_In = -0.0836853,prop_binSL_bin10 = -0.109236 +/- 1,prop_binSL_bin10_In = -0.109236,prop_binSL_bin11 = -0.054147 +/- 1,prop_binSL_bin11_In = -0.0541468,prop_binSL_bin12 = -0.156153 +/- 1,prop_binSL_bin12_In = -0.156153,prop_binAH1lWR_bin0 = 7 +/- 1,prop_binAH1lWR_bin0_In = 7,prop_binAH1lWR_bin1 = 7 +/- 1,prop_binAH1lWR_bin1_In = 7,prop_binAH1lWR_bin2 = 7 +/- 1,prop_binAH1lWR_bin2_In = 7,prop_binAH1lWR_bin3 = 7 +/- 1,prop_binAH1lWR_bin3_In = 7,prop_binAH1lWR_bin4 = 7 +/- 1,prop_binAH1lWR_bin4_In = 7,prop_binAH1lWR_bin5 = 7 +/- 1,prop_binAH1lWR_bin5_In = 7,prop_binAH1lWR_bin6 = 7 +/- 1,prop_binAH1lWR_bin6_In = 7,prop_binAH1lWR_bin7 = 7 +/- 1,prop_binAH1lWR_bin7_In = 7,prop_binAH1lWR_bin8 = 7 +/- 1,prop_binAH1lWR_bin8_In = 7,prop_binAH1lWR_bin9 = 7 +/- 1,prop_binAH1lWR_bin9_In = 7,prop_binAH1lWR_bin10 = 6.56728 +/- 1,prop_binAH1lWR_bin10_In = 6.56062,prop_binAH1lWR_bin11 = 2.81275 +/- 1,prop_binAH1lWR_bin11_In = 2.80986,prop_binAH1lWR_bin12 = 3.90079 +/- 1,prop_binAH1lWR_bin12_In = 3.89679,prop_binAH0lZR_bin0 = -0.0265714 +/- 1,prop_binAH0lZR_bin0_In = -0.0256302,prop_binAH0lZR_bin1 = -0.0423219 +/- 1,prop_binAH0lZR_bin1_In = -0.0405029,prop_binAH0lZR_bin2 = -0.0242951 +/- 1,prop_binAH0lZR_bin2_In = -0.0223185,prop_binAH0lZR_bin3 = -0.0220918 +/- 1,prop_binAH0lZR_bin3_In = -0.0189429,prop_binAH0lZR_bin4 = -0.0491582 +/- 1,prop_binAH0lZR_bin4_In = -0.0476957,prop_binAH0lZR_bin5 = -0.0288274 +/- 1,prop_binAH0lZR_bin5_In = -0.027593,prop_binAH0lZR_bin6 = -0.0615962 +/- 1,prop_binAH0lZR_bin6_In = -0.0615962,prop_binAH0lZR_bin7 = -0.081807 +/- 1,prop_binAH0lZR_bin7_In = -0.0818071,prop_binAH0lZR_bin8 = -0.068522 +/- 1,prop_binAH0lZR_bin8_In = -0.0685221,prop_binAH0lZR_bin9 = -0.0431377 +/- 1,prop_binAH0lZR_bin9_In = -0.0431377,prop_binAH0lZR_bin10 = -0.0615338 +/- 1,prop_binAH0lZR_bin10_In = -0.0615338,prop_binAH0lZR_bin11 = -0.184179 +/- 1,prop_binAH0lZR_bin11_In = -0.184179,prop_binAH0lZR_bin12 = -0.139623 +/- 1,prop_binAH0lZR_bin12_In = -0.139623,ONE = 1,r = 1 +/- 0,WJets_norm = 1 +/- 0,ZJets_norm = 1 +/- 0), catParams=()
WARNING: underflow to -nan in pdf_binMixSRatleast1fjets_obsOnly for bin 0, weight -nan
[#0] ERROR:Eval -- RooAbsReal::logEvalError(MixSRatleast1fjets) evaluation error, 
 origin       : RooAbsReal::MixSRatleast1fjets[ params=(ONE,jer,jesTotal,luminosity,prop_binMixSRatleast1fjets_bin0,prop_binMixSRatleast1fjets_bin1,prop_binMixSRatleast1fjets_bin2,prop_binMixSRatleast1fjets_bin3,prop_binMixSRatleast1fjets_bin4,prop_binMixSRatleast1fjets_bin5,prop_binMixSRatleast1fjets_bin6,prop_binMixSRatleast1fjets_bin7,prop_binMixSRatleast1fjets_bin8,prop_binMixSRatleast1fjets_bin9,pu,r) catParams=() ]
 message      : Number of events is negative or error
 server values: params=(ONE = 1,jer = 0 +/- 0,jesTotal = 0 +/- 0,luminosity = 0 +/- 0,prop_binMixSRatleast1fjets_bin0 = -nan +/- 1,prop_binMixSRatleast1fjets_bin1 = -nan +/- 1,prop_binMixSRatleast1fjets_bin2 = -nan +/- 1,prop_binMixSRatleast1fjets_bin3 = -nan +/- 1,prop_binMixSRatleast1fjets_bin4 = -nan +/- 1,prop_binMixSRatleast1fjets_bin5 = -nan +/- 1,prop_binMixSRatleast1fjets_bin6 = -nan +/- 1,prop_binMixSRatleast1fjets_bin7 = -nan +/- 1,prop_binMixSRatleast1fjets_bin8 = -nan +/- 1,prop_binMixSRatleast1fjets_bin9 = -nan +/- 1,pu = 0 +/- 0,r = 0.5 +/- 0), catParams=()
FASTEXIT from pdf_binMixSRatleast1fjets_obsOnly
[#0] ERROR:Eval -- RooAbsReal::logEvalError() evaluation error, 
 origin       : RooAbsReal::[ params=(jer,jer_In,jesTotal,jesTotal_In,luminosity,luminosity_In,pu,pu_In,prop_binMixSR0fjets_bin0,prop_binMixSR0fjets_bin0_In,prop_binMixSR0fjets_bin1,prop_binMixSR0fjets_bin1_In,prop_binMixSR0fjets_bin2,prop_binMixSR0fjets_bin2_In,prop_binMixSR0fjets_bin3,prop_binMixSR0fjets_bin3_In,prop_binMixSR0fjets_bin4,prop_binMixSR0fjets_bin4_In,prop_binMixSR0fjets_bin5,prop_binMixSR0fjets_bin5_In,prop_binMixSR0fjets_bin6,prop_binMixSR0fjets_bin6_In,prop_binMixSR0fjets_bin7,prop_binMixSR0fjets_bin7_In,prop_binMixSR0fjets_bin8,prop_binMixSR0fjets_bin8_In,prop_binMixSR0fjets_bin9,prop_binMixSR0fjets_bin9_In,prop_binMixSRatleast1fjets_bin0,prop_binMixSRatleast1fjets_bin0_In,prop_binMixSRatleast1fjets_bin1,prop_binMixSRatleast1fjets_bin1_In,prop_binMixSRatleast1fjets_bin2,prop_binMixSRatleast1fjets_bin2_In,prop_binMixSRatleast1fjets_bin3,prop_binMixSRatleast1fjets_bin3_In,prop_binMixSRatleast1fjets_bin4,prop_binMixSRatleast1fjets_bin4_In,prop_binMixSRatleast1fjets_bin5,prop_binMixSRatleast1fjets_bin5_In,prop_binMixSRatleast1fjets_bin6,prop_binMixSRatleast1fjets_bin6_In,prop_binMixSRatleast1fjets_bin7,prop_binMixSRatleast1fjets_bin7_In,prop_binMixSRatleast1fjets_bin8,prop_binMixSRatleast1fjets_bin8_In,prop_binMixSRatleast1fjets_bin9,prop_binMixSRatleast1fjets_bin9_In,prop_binMerSR0fjets_bin0,prop_binMerSR0fjets_bin0_In,prop_binMerSR0fjets_bin1,prop_binMerSR0fjets_bin1_In,prop_binMerSR0fjets_bin2,prop_binMerSR0fjets_bin2_In,prop_binMerSR0fjets_bin3,prop_binMerSR0fjets_bin3_In,prop_binMerSR0fjets_bin4,prop_binMerSR0fjets_bin4_In,prop_binMerSR0fjets_bin5,prop_binMerSR0fjets_bin5_In,prop_binMerSR0fjets_bin6,prop_binMerSR0fjets_bin6_In,prop_binMerSR0fjets_bin7,prop_binMerSR0fjets_bin7_In,prop_binMerSR0fjets_bin8,prop_binMerSR0fjets_bin8_In,prop_binMerSR0fjets_bin9,prop_binMerSR0fjets_bin9_In,prop_binMerSR0fjets_bin10,prop_binMerSR0fjets_bin10_In,prop_binMerSR0fjets_bin11,prop_binMerSR0fjets_bin11_In,prop_binMerSR0fjets_bin12,prop_binMerSR0fjets_bin12_In,prop_binMerSRatleast1fjets_bin0,prop_binMerSRatleast1fjets_bin0_In,prop_binMerSRatleast1fjets_bin1,prop_binMerSRatleast1fjets_bin1_In,prop_binMerSRatleast1fjets_bin2,prop_binMerSRatleast1fjets_bin2_In,prop_binMerSRatleast1fjets_bin3,prop_binMerSRatleast1fjets_bin3_In,prop_binMerSRatleast1fjets_bin4,prop_binMerSRatleast1fjets_bin4_In,prop_binMerSRatleast1fjets_bin5,prop_binMerSRatleast1fjets_bin5_In,prop_binMerSRatleast1fjets_bin6,prop_binMerSRatleast1fjets_bin6_In,prop_binMerSRatleast1fjets_bin7,prop_binMerSRatleast1fjets_bin7_In,prop_binMerSRatleast1fjets_bin8,prop_binMerSRatleast1fjets_bin8_In,prop_binMerSRatleast1fjets_bin9,prop_binMerSRatleast1fjets_bin9_In,prop_binMerSRatleast1fjets_bin10,prop_binMerSRatleast1fjets_bin10_In,prop_binMerSRatleast1fjets_bin11,prop_binMerSRatleast1fjets_bin11_In,prop_binMerSRatleast1fjets_bin12,prop_binMerSRatleast1fjets_bin12_In,prop_binAH_bin0,prop_binAH_bin0_In,prop_binAH_bin1,prop_binAH_bin1_In,prop_binAH_bin2,prop_binAH_bin2_In,prop_binAH_bin3,prop_binAH_bin3_In,prop_binAH_bin4,prop_binAH_bin4_In,prop_binAH_bin5,prop_binAH_bin5_In,prop_binAH_bin6,prop_binAH_bin6_In,prop_binAH_bin7,prop_binAH_bin7_In,prop_binAH_bin8,prop_binAH_bin8_In,prop_binAH_bin9,prop_binAH_bin9_In,prop_binAH_bin10,prop_binAH_bin10_In,prop_binAH_bin11,prop_binAH_bin11_In,prop_binAH_bin12,prop_binAH_bin12_In,prop_binSL_bin0,prop_binSL_bin0_In,prop_binSL_bin1,prop_binSL_bin1_In,prop_binSL_bin2,prop_binSL_bin2_In,prop_binSL_bin3,prop_binSL_bin3_In,prop_binSL_bin4,prop_binSL_bin4_In,prop_binSL_bin5,prop_binSL_bin5_In,prop_binSL_bin6,prop_binSL_bin6_In,prop_binSL_bin7,prop_binSL_bin7_In,prop_binSL_bin8,prop_binSL_bin8_In,prop_binSL_bin9,prop_binSL_bin9_In,prop_binSL_bin10,prop_binSL_bin10_In,prop_binSL_bin11,prop_binSL_bin11_In,prop_binSL_bin12,prop_binSL_bin12_In,prop_binAH1lWR_bin0,prop_binAH1lWR_bin0_In,prop_binAH1lWR_bin1,prop_binAH1lWR_bin1_In,prop_binAH1lWR_bin2,prop_binAH1lWR_bin2_In,prop_binAH1lWR_bin3,prop_binAH1lWR_bin3_In,prop_binAH1lWR_bin4,prop_binAH1lWR_bin4_In,prop_binAH1lWR_bin5,prop_binAH1lWR_bin5_In,prop_binAH1lWR_bin6,prop_binAH1lWR_bin6_In,prop_binAH1lWR_bin7,prop_binAH1lWR_bin7_In,prop_binAH1lWR_bin8,prop_binAH1lWR_bin8_In,prop_binAH1lWR_bin9,prop_binAH1lWR_bin9_In,prop_binAH1lWR_bin10,prop_binAH1lWR_bin10_In,prop_binAH1lWR_bin11,prop_binAH1lWR_bin11_In,prop_binAH1lWR_bin12,prop_binAH1lWR_bin12_In,prop_binAH0lZR_bin0,prop_binAH0lZR_bin0_In,prop_binAH0lZR_bin1,prop_binAH0lZR_bin1_In,prop_binAH0lZR_bin2,prop_binAH0lZR_bin2_In,prop_binAH0lZR_bin3,prop_binAH0lZR_bin3_In,prop_binAH0lZR_bin4,prop_binAH0lZR_bin4_In,prop_binAH0lZR_bin5,prop_binAH0lZR_bin5_In,prop_binAH0lZR_bin6,prop_binAH0lZR_bin6_In,prop_binAH0lZR_bin7,prop_binAH0lZR_bin7_In,prop_binAH0lZR_bin8,prop_binAH0lZR_bin8_In,prop_binAH0lZR_bin9,prop_binAH0lZR_bin9_In,prop_binAH0lZR_bin10,prop_binAH0lZR_bin10_In,prop_binAH0lZR_bin11,prop_binAH0lZR_bin11_In,prop_binAH0lZR_bin12,prop_binAH0lZR_bin12_In,ONE,r,WJets_norm,ZJets_norm) catParams=() ]
 message      : function value is NAN
 server values: params=(jer = 0 +/- 0,jer_In = 0,jesTotal = 0 +/- 0,jesTotal_In = 0,luminosity = 0 +/- 0,luminosity_In = 0,pu = 0 +/- 0,pu_In = 0,prop_binMixSR0fjets_bin0 = -0.0793664 +/- 1,prop_binMixSR0fjets_bin0_In = -0.0788549,prop_binMixSR0fjets_bin1 = -0.196308 +/- 1,prop_binMixSR0fjets_bin1_In = -0.193882,prop_binMixSR0fjets_bin2 = -0.415843 +/- 1,prop_binMixSR0fjets_bin2_In = -0.412919,prop_binMixSR0fjets_bin3 = -0.488276 +/- 1,prop_binMixSR0fjets_bin3_In = -0.486507,prop_binMixSR0fjets_bin4 = -0.439597 +/- 1,prop_binMixSR0fjets_bin4_In = -0.439597,prop_binMixSR0fjets_bin5 = -0.258363 +/- 1,prop_binMixSR0fjets_bin5_In = -0.258363,prop_binMixSR0fjets_bin6 = -0.0947715 +/- 1,prop_binMixSR0fjets_bin6_In = -0.0947715,prop_binMixSR0fjets_bin7 = -0.0868181 +/- 1,prop_binMixSR0fjets_bin7_In = -0.0868181,prop_binMixSR0fjets_bin8 = -0.0191154 +/- 1,prop_binMixSR0fjets_bin8_In = -0.0191154,prop_binMixSR0fjets_bin9 = -0.0232623 +/- 1,prop_binMixSR0fjets_bin9_In = -0.0232623,prop_binMixSRatleast1fjets_bin0 = -nan +/- 1,prop_binMixSRatleast1fjets_bin0_In = -0.125907,prop_binMixSRatleast1fjets_bin1 = -nan +/- 1,prop_binMixSRatleast1fjets_bin1_In = -0.0540419,prop_binMixSRatleast1fjets_bin2 = -nan +/- 1,prop_binMixSRatleast1fjets_bin2_In = -0.305233,prop_binMixSRatleast1fjets_bin3 = -nan +/- 1,prop_binMixSRatleast1fjets_bin3_In = -0.152606,prop_binMixSRatleast1fjets_bin4 = -nan +/- 1,prop_binMixSRatleast1fjets_bin4_In = -nan,prop_binMixSRatleast1fjets_bin5 = -nan +/- 1,prop_binMixSRatleast1fjets_bin5_In = -0.162581,prop_binMixSRatleast1fjets_bin6 = -nan +/- 1,prop_binMixSRatleast1fjets_bin6_In = -0.167271,prop_binMixSRatleast1fjets_bin7 = -nan +/- 1,prop_binMixSRatleast1fjets_bin7_In = -0.0948839,prop_binMixSRatleast1fjets_bin8 = -nan +/- 1,prop_binMixSRatleast1fjets_bin8_In = -0.126265,prop_binMixSRatleast1fjets_bin9 = -nan +/- 1,prop_binMixSRatleast1fjets_bin9_In = -0.0333149,prop_binMerSR0fjets_bin0 = -0.127907 +/- 1,prop_binMerSR0fjets_bin0_In = -0.127907,prop_binMerSR0fjets_bin1 = -0.175613 +/- 1,prop_binMerSR0fjets_bin1_In = -0.175613,prop_binMerSR0fjets_bin2 = -0.149485 +/- 1,prop_binMerSR0fjets_bin2_In = -0.149108,prop_binMerSR0fjets_bin3 = -0.10529 +/- 1,prop_binMerSR0fjets_bin3_In = -0.10529,prop_binMerSR0fjets_bin4 = -0.153485 +/- 1,prop_binMerSR0fjets_bin4_In = -0.153485,prop_binMerSR0fjets_bin5 = -0.120752 +/- 1,prop_binMerSR0fjets_bin5_In = -0.120752,prop_binMerSR0fjets_bin6 = -0.11917 +/- 1,prop_binMerSR0fjets_bin6_In = -0.11917,prop_binMerSR0fjets_bin7 = -0.0700066 +/- 1,prop_binMerSR0fjets_bin7_In = -0.0700066,prop_binMerSR0fjets_bin8 = -0.149082 +/- 1,prop_binMerSR0fjets_bin8_In = -0.149082,prop_binMerSR0fjets_bin9 = -0.109423 +/- 1,prop_binMerSR0fjets_bin9_In = -0.109423,prop_binMerSR0fjets_bin10 = -0.102756 +/- 1,prop_binMerSR0fjets_bin10_In = -0.102756,prop_binMerSR0fjets_bin11 = -0.033121 +/- 1,prop_binMerSR0fjets_bin11_In = -0.033121,prop_binMerSR0fjets_bin12 = -0.0721867 +/- 1,prop_binMerSR0fjets_bin12_In = -0.0721867,prop_binMerSRatleast1fjets_bin0 = -0.320605 +/- 1,prop_binMerSRatleast1fjets_bin0_In = -0.32005,prop_binMerSRatleast1fjets_bin1 = -0.187089 +/- 1,prop_binMerSRatleast1fjets_bin1_In = -0.185275,prop_binMerSRatleast1fjets_bin2 = -0.193496 +/- 1,prop_binMerSRatleast1fjets_bin2_In = -0.191581,prop_binMerSRatleast1fjets_bin3 = -0.221652 +/- 1,prop_binMerSRatleast1fjets_bin3_In = -0.218908,prop_binMerSRatleast1fjets_bin4 = -0.15353 +/- 1,prop_binMerSRatleast1fjets_bin4_In = -0.152653,prop_binMerSRatleast1fjets_bin5 = -0.195449 +/- 1,prop_binMerSRatleast1fjets_bin5_In = -0.195449,prop_binMerSRatleast1fjets_bin6 = -0.11325 +/- 1,prop_binMerSRatleast1fjets_bin6_In = -0.112478,prop_binMerSRatleast1fjets_bin7 = -0.0825727 +/- 1,prop_binMerSRatleast1fjets_bin7_In = -0.0825727,prop_binMerSRatleast1fjets_bin8 = -0.176838 +/- 1,prop_binMerSRatleast1fjets_bin8_In = -0.176838,prop_binMerSRatleast1fjets_bin9 = -0.119205 +/- 1,prop_binMerSRatleast1fjets_bin9_In = -0.119205,prop_binMerSRatleast1fjets_bin10 = -0.0391236 +/- 1,prop_binMerSRatleast1fjets_bin10_In = -0.0391236,prop_binMerSRatleast1fjets_bin11 = -0.0111931 +/- 1,prop_binMerSRatleast1fjets_bin11_In = -0.0111931,prop_binMerSRatleast1fjets_bin12 = -0.0466547 +/- 1,prop_binMerSRatleast1fjets_bin12_In = -0.0466547,prop_binAH_bin0 = -0.0455471 +/- 1,prop_binAH_bin0_In = -0.0109186,prop_binAH_bin1 = -0.0725962 +/- 1,prop_binAH_bin1_In = -0.0286434,prop_binAH_bin2 = -0.0732181 +/- 1,prop_binAH_bin2_In = -0.0277665,prop_binAH_bin3 = -0.0648551 +/- 1,prop_binAH_bin3_In = -0.0315457,prop_binAH_bin4 = -0.0370763 +/- 1,prop_binAH_bin4_In = -0.0186437,prop_binAH_bin5 = -0.0474017 +/- 1,prop_binAH_bin5_In = -0.0409303,prop_binAH_bin6 = -0.0512601 +/- 1,prop_binAH_bin6_In = -0.0473935,prop_binAH_bin7 = -0.0528098 +/- 1,prop_binAH_bin7_In = -0.0492391,prop_binAH_bin8 = -0.0397315 +/- 1,prop_binAH_bin8_In = -0.0367237,prop_binAH_bin9 = -0.0679377 +/- 1,prop_binAH_bin9_In = -0.0663212,prop_binAH_bin10 = -0.107122 +/- 1,prop_binAH_bin10_In = -0.105663,prop_binAH_bin11 = -0.0988951 +/- 1,prop_binAH_bin11_In = -0.0981594,prop_binAH_bin12 = -0.141185 +/- 1,prop_binAH_bin12_In = -0.140827,prop_binSL_bin0 = -0.0166487 +/- 1,prop_binSL_bin0_In = -0.00299018,prop_binSL_bin1 = -0.0180223 +/- 1,prop_binSL_bin1_In = -0.0110276,prop_binSL_bin2 = -0.0201204 +/- 1,prop_binSL_bin2_In = -0.0146286,prop_binSL_bin3 = -0.0295038 +/- 1,prop_binSL_bin3_In = -0.0255778,prop_binSL_bin4 = -0.0412572 +/- 1,prop_binSL_bin4_In = -0.0390298,prop_binSL_bin5 = -0.0383983 +/- 1,prop_binSL_bin5_In = -0.0372693,prop_binSL_bin6 = -0.0308451 +/- 1,prop_binSL_bin6_In = -0.0301458,prop_binSL_bin7 = -0.0681205 +/- 1,prop_binSL_bin7_In = -0.067837,prop_binSL_bin8 = -0.0480904 +/- 1,prop_binSL_bin8_In = -0.0477961,prop_binSL_bin9 = -0.0841116 +/- 1,prop_binSL_bin9_In = -0.0836853,prop_binSL_bin10 = -0.109236 +/- 1,prop_binSL_bin10_In = -0.109236,prop_binSL_bin11 = -0.054147 +/- 1,prop_binSL_bin11_In = -0.0541468,prop_binSL_bin12 = -0.156153 +/- 1,prop_binSL_bin12_In = -0.156153,prop_binAH1lWR_bin0 = 7 +/- 1,prop_binAH1lWR_bin0_In = 7,prop_binAH1lWR_bin1 = 7 +/- 1,prop_binAH1lWR_bin1_In = 7,prop_binAH1lWR_bin2 = 7 +/- 1,prop_binAH1lWR_bin2_In = 7,prop_binAH1lWR_bin3 = 7 +/- 1,prop_binAH1lWR_bin3_In = 7,prop_binAH1lWR_bin4 = 7 +/- 1,prop_binAH1lWR_bin4_In = 7,prop_binAH1lWR_bin5 = 7 +/- 1,prop_binAH1lWR_bin5_In = 7,prop_binAH1lWR_bin6 = 7 +/- 1,prop_binAH1lWR_bin6_In = 7,prop_binAH1lWR_bin7 = 7 +/- 1,prop_binAH1lWR_bin7_In = 7,prop_binAH1lWR_bin8 = 7 +/- 1,prop_binAH1lWR_bin8_In = 7,prop_binAH1lWR_bin9 = 7 +/- 1,prop_binAH1lWR_bin9_In = 7,prop_binAH1lWR_bin10 = 6.56728 +/- 1,prop_binAH1lWR_bin10_In = 6.56062,prop_binAH1lWR_bin11 = 2.81275 +/- 1,prop_binAH1lWR_bin11_In = 2.80986,prop_binAH1lWR_bin12 = 3.90079 +/- 1,prop_binAH1lWR_bin12_In = 3.89679,prop_binAH0lZR_bin0 = -0.0261008 +/- 1,prop_binAH0lZR_bin0_In = -0.0256302,prop_binAH0lZR_bin1 = -0.0414125 +/- 1,prop_binAH0lZR_bin1_In = -0.0405029,prop_binAH0lZR_bin2 = -0.0233071 +/- 1,prop_binAH0lZR_bin2_In = -0.0223185,prop_binAH0lZR_bin3 = -0.0205173 +/- 1,prop_binAH0lZR_bin3_In = -0.0189429,prop_binAH0lZR_bin4 = -0.0484271 +/- 1,prop_binAH0lZR_bin4_In = -0.0476957,prop_binAH0lZR_bin5 = -0.0282102 +/- 1,prop_binAH0lZR_bin5_In = -0.027593,prop_binAH0lZR_bin6 = -0.0615962 +/- 1,prop_binAH0lZR_bin6_In = -0.0615962,prop_binAH0lZR_bin7 = -0.081807 +/- 1,prop_binAH0lZR_bin7_In = -0.0818071,prop_binAH0lZR_bin8 = -0.068522 +/- 1,prop_binAH0lZR_bin8_In = -0.0685221,prop_binAH0lZR_bin9 = -0.0431377 +/- 1,prop_binAH0lZR_bin9_In = -0.0431377,prop_binAH0lZR_bin10 = -0.0615338 +/- 1,prop_binAH0lZR_bin10_In = -0.0615338,prop_binAH0lZR_bin11 = -0.184179 +/- 1,prop_binAH0lZR_bin11_In = -0.184179,prop_binAH0lZR_bin12 = -0.139623 +/- 1,prop_binAH0lZR_bin12_In = -0.139623,ONE = 1,r = 0.5 +/- 0,WJets_norm = 1 +/- 0,ZJets_norm = 1 +/- 0), catParams=()
WARNING: underflow to -nan in pdf_binMixSRatleast1fjets_obsOnly for bin 0, weight -nan
[#0] ERROR:Eval -- RooAbsReal::logEvalError(MixSRatleast1fjets) evaluation error, 
 origin       : RooAbsReal::MixSRatleast1fjets[ params=(ONE,jer,jesTotal,luminosity,prop_binMixSRatleast1fjets_bin0,prop_binMixSRatleast1fjets_bin1,prop_binMixSRatleast1fjets_bin2,prop_binMixSRatleast1fjets_bin3,prop_binMixSRatleast1fjets_bin4,prop_binMixSRatleast1fjets_bin5,prop_binMixSRatleast1fjets_bin6,prop_binMixSRatleast1fjets_bin7,prop_binMixSRatleast1fjets_bin8,prop_binMixSRatleast1fjets_bin9,pu,r) catParams=() ]
 message      : Number of events is negative or error
 server values: params=(ONE = 1,jer = 0 +/- 0,jesTotal = 0 +/- 0,luminosity = 0 +/- 0,prop_binMixSRatleast1fjets_bin0 = -nan +/- 1,prop_binMixSRatleast1fjets_bin1 = -nan +/- 1,prop_binMixSRatleast1fjets_bin2 = -nan +/- 1,prop_binMixSRatleast1fjets_bin3 = -nan +/- 1,prop_binMixSRatleast1fjets_bin4 = -nan +/- 1,prop_binMixSRatleast1fjets_bin5 = -nan +/- 1,prop_binMixSRatleast1fjets_bin6 = -nan +/- 1,prop_binMixSRatleast1fjets_bin7 = -nan +/- 1,prop_binMixSRatleast1fjets_bin8 = -nan +/- 1,prop_binMixSRatleast1fjets_bin9 = -nan +/- 1,pu = 0 +/- 0,r = 0.25 +/- 0), catParams=()
FASTEXIT from pdf_binMixSRatleast1fjets_obsOnly
[#0] ERROR:Eval -- RooAbsReal::logEvalError() evaluation error, 
 origin       : RooAbsReal::[ params=(jer,jer_In,jesTotal,jesTotal_In,luminosity,luminosity_In,pu,pu_In,prop_binMixSR0fjets_bin0,prop_binMixSR0fjets_bin0_In,prop_binMixSR0fjets_bin1,prop_binMixSR0fjets_bin1_In,prop_binMixSR0fjets_bin2,prop_binMixSR0fjets_bin2_In,prop_binMixSR0fjets_bin3,prop_binMixSR0fjets_bin3_In,prop_binMixSR0fjets_bin4,prop_binMixSR0fjets_bin4_In,prop_binMixSR0fjets_bin5,prop_binMixSR0fjets_bin5_In,prop_binMixSR0fjets_bin6,prop_binMixSR0fjets_bin6_In,prop_binMixSR0fjets_bin7,prop_binMixSR0fjets_bin7_In,prop_binMixSR0fjets_bin8,prop_binMixSR0fjets_bin8_In,prop_binMixSR0fjets_bin9,prop_binMixSR0fjets_bin9_In,prop_binMixSRatleast1fjets_bin0,prop_binMixSRatleast1fjets_bin0_In,prop_binMixSRatleast1fjets_bin1,prop_binMixSRatleast1fjets_bin1_In,prop_binMixSRatleast1fjets_bin2,prop_binMixSRatleast1fjets_bin2_In,prop_binMixSRatleast1fjets_bin3,prop_binMixSRatleast1fjets_bin3_In,prop_binMixSRatleast1fjets_bin4,prop_binMixSRatleast1fjets_bin4_In,prop_binMixSRatleast1fjets_bin5,prop_binMixSRatleast1fjets_bin5_In,prop_binMixSRatleast1fjets_bin6,prop_binMixSRatleast1fjets_bin6_In,prop_binMixSRatleast1fjets_bin7,prop_binMixSRatleast1fjets_bin7_In,prop_binMixSRatleast1fjets_bin8,prop_binMixSRatleast1fjets_bin8_In,prop_binMixSRatleast1fjets_bin9,prop_binMixSRatleast1fjets_bin9_In,prop_binMerSR0fjets_bin0,prop_binMerSR0fjets_bin0_In,prop_binMerSR0fjets_bin1,prop_binMerSR0fjets_bin1_In,prop_binMerSR0fjets_bin2,prop_binMerSR0fjets_bin2_In,prop_binMerSR0fjets_bin3,prop_binMerSR0fjets_bin3_In,prop_binMerSR0fjets_bin4,prop_binMerSR0fjets_bin4_In,prop_binMerSR0fjets_bin5,prop_binMerSR0fjets_bin5_In,prop_binMerSR0fjets_bin6,prop_binMerSR0fjets_bin6_In,prop_binMerSR0fjets_bin7,prop_binMerSR0fjets_bin7_In,prop_binMerSR0fjets_bin8,prop_binMerSR0fjets_bin8_In,prop_binMerSR0fjets_bin9,prop_binMerSR0fjets_bin9_In,prop_binMerSR0fjets_bin10,prop_binMerSR0fjets_bin10_In,prop_binMerSR0fjets_bin11,prop_binMerSR0fjets_bin11_In,prop_binMerSR0fjets_bin12,prop_binMerSR0fjets_bin12_In,prop_binMerSRatleast1fjets_bin0,prop_binMerSRatleast1fjets_bin0_In,prop_binMerSRatleast1fjets_bin1,prop_binMerSRatleast1fjets_bin1_In,prop_binMerSRatleast1fjets_bin2,prop_binMerSRatleast1fjets_bin2_In,prop_binMerSRatleast1fjets_bin3,prop_binMerSRatleast1fjets_bin3_In,prop_binMerSRatleast1fjets_bin4,prop_binMerSRatleast1fjets_bin4_In,prop_binMerSRatleast1fjets_bin5,prop_binMerSRatleast1fjets_bin5_In,prop_binMerSRatleast1fjets_bin6,prop_binMerSRatleast1fjets_bin6_In,prop_binMerSRatleast1fjets_bin7,prop_binMerSRatleast1fjets_bin7_In,prop_binMerSRatleast1fjets_bin8,prop_binMerSRatleast1fjets_bin8_In,prop_binMerSRatleast1fjets_bin9,prop_binMerSRatleast1fjets_bin9_In,prop_binMerSRatleast1fjets_bin10,prop_binMerSRatleast1fjets_bin10_In,prop_binMerSRatleast1fjets_bin11,prop_binMerSRatleast1fjets_bin11_In,prop_binMerSRatleast1fjets_bin12,prop_binMerSRatleast1fjets_bin12_In,prop_binAH_bin0,prop_binAH_bin0_In,prop_binAH_bin1,prop_binAH_bin1_In,prop_binAH_bin2,prop_binAH_bin2_In,prop_binAH_bin3,prop_binAH_bin3_In,prop_binAH_bin4,prop_binAH_bin4_In,prop_binAH_bin5,prop_binAH_bin5_In,prop_binAH_bin6,prop_binAH_bin6_In,prop_binAH_bin7,prop_binAH_bin7_In,prop_binAH_bin8,prop_binAH_bin8_In,prop_binAH_bin9,prop_binAH_bin9_In,prop_binAH_bin10,prop_binAH_bin10_In,prop_binAH_bin11,prop_binAH_bin11_In,prop_binAH_bin12,prop_binAH_bin12_In,prop_binSL_bin0,prop_binSL_bin0_In,prop_binSL_bin1,prop_binSL_bin1_In,prop_binSL_bin2,prop_binSL_bin2_In,prop_binSL_bin3,prop_binSL_bin3_In,prop_binSL_bin4,prop_binSL_bin4_In,prop_binSL_bin5,prop_binSL_bin5_In,prop_binSL_bin6,prop_binSL_bin6_In,prop_binSL_bin7,prop_binSL_bin7_In,prop_binSL_bin8,prop_binSL_bin8_In,prop_binSL_bin9,prop_binSL_bin9_In,prop_binSL_bin10,prop_binSL_bin10_In,prop_binSL_bin11,prop_binSL_bin11_In,prop_binSL_bin12,prop_binSL_bin12_In,prop_binAH1lWR_bin0,prop_binAH1lWR_bin0_In,prop_binAH1lWR_bin1,prop_binAH1lWR_bin1_In,prop_binAH1lWR_bin2,prop_binAH1lWR_bin2_In,prop_binAH1lWR_bin3,prop_binAH1lWR_bin3_In,prop_binAH1lWR_bin4,prop_binAH1lWR_bin4_In,prop_binAH1lWR_bin5,prop_binAH1lWR_bin5_In,prop_binAH1lWR_bin6,prop_binAH1lWR_bin6_In,prop_binAH1lWR_bin7,prop_binAH1lWR_bin7_In,prop_binAH1lWR_bin8,prop_binAH1lWR_bin8_In,prop_binAH1lWR_bin9,prop_binAH1lWR_bin9_In,prop_binAH1lWR_bin10,prop_binAH1lWR_bin10_In,prop_binAH1lWR_bin11,prop_binAH1lWR_bin11_In,prop_binAH1lWR_bin12,prop_binAH1lWR_bin12_In,prop_binAH0lZR_bin0,prop_binAH0lZR_bin0_In,prop_binAH0lZR_bin1,prop_binAH0lZR_bin1_In,prop_binAH0lZR_bin2,prop_binAH0lZR_bin2_In,prop_binAH0lZR_bin3,prop_binAH0lZR_bin3_In,prop_binAH0lZR_bin4,prop_binAH0lZR_bin4_In,prop_binAH0lZR_bin5,prop_binAH0lZR_bin5_In,prop_binAH0lZR_bin6,prop_binAH0lZR_bin6_In,prop_binAH0lZR_bin7,prop_binAH0lZR_bin7_In,prop_binAH0lZR_bin8,prop_binAH0lZR_bin8_In,prop_binAH0lZR_bin9,prop_binAH0lZR_bin9_In,prop_binAH0lZR_bin10,prop_binAH0lZR_bin10_In,prop_binAH0lZR_bin11,prop_binAH0lZR_bin11_In,prop_binAH0lZR_bin12,prop_binAH0lZR_bin12_In,ONE,r,WJets_norm,ZJets_norm) catParams=() ]
 message      : function value is NAN
 server values: params=(jer = 0 +/- 0,jer_In = 0,jesTotal = 0 +/- 0,jesTotal_In = 0,luminosity = 0 +/- 0,luminosity_In = 0,pu = 0 +/- 0,pu_In = 0,prop_binMixSR0fjets_bin0 = -0.0791106 +/- 1,prop_binMixSR0fjets_bin0_In = -0.0788549,prop_binMixSR0fjets_bin1 = -0.195096 +/- 1,prop_binMixSR0fjets_bin1_In = -0.193882,prop_binMixSR0fjets_bin2 = -0.414382 +/- 1,prop_binMixSR0fjets_bin2_In = -0.412919,prop_binMixSR0fjets_bin3 = -0.487392 +/- 1,prop_binMixSR0fjets_bin3_In = -0.486507,prop_binMixSR0fjets_bin4 = -0.439597 +/- 1,prop_binMixSR0fjets_bin4_In = -0.439597,prop_binMixSR0fjets_bin5 = -0.258363 +/- 1,prop_binMixSR0fjets_bin5_In = -0.258363,prop_binMixSR0fjets_bin6 = -0.0947715 +/- 1,prop_binMixSR0fjets_bin6_In = -0.0947715,prop_binMixSR0fjets_bin7 = -0.0868181 +/- 1,prop_binMixSR0fjets_bin7_In = -0.0868181,prop_binMixSR0fjets_bin8 = -0.0191154 +/- 1,prop_binMixSR0fjets_bin8_In = -0.0191154,prop_binMixSR0fjets_bin9 = -0.0232623 +/- 1,prop_binMixSR0fjets_bin9_In = -0.0232623,prop_binMixSRatleast1fjets_bin0 = -nan +/- 1,prop_binMixSRatleast1fjets_bin0_In = -0.125907,prop_binMixSRatleast1fjets_bin1 = -nan +/- 1,prop_binMixSRatleast1fjets_bin1_In = -0.0540419,prop_binMixSRatleast1fjets_bin2 = -nan +/- 1,prop_binMixSRatleast1fjets_bin2_In = -0.305233,prop_binMixSRatleast1fjets_bin3 = -nan +/- 1,prop_binMixSRatleast1fjets_bin3_In = -0.152606,prop_binMixSRatleast1fjets_bin4 = -nan +/- 1,prop_binMixSRatleast1fjets_bin4_In = -nan,prop_binMixSRatleast1fjets_bin5 = -nan +/- 1,prop_binMixSRatleast1fjets_bin5_In = -0.162581,prop_binMixSRatleast1fjets_bin6 = -nan +/- 1,prop_binMixSRatleast1fjets_bin6_In = -0.167271,prop_binMixSRatleast1fjets_bin7 = -nan +/- 1,prop_binMixSRatleast1fjets_bin7_In = -0.0948839,prop_binMixSRatleast1fjets_bin8 = -nan +/- 1,prop_binMixSRatleast1fjets_bin8_In = -0.126265,prop_binMixSRatleast1fjets_bin9 = -nan +/- 1,prop_binMixSRatleast1fjets_bin9_In = -0.0333149,prop_binMerSR0fjets_bin0 = -0.127907 +/- 1,prop_binMerSR0fjets_bin0_In = -0.127907,prop_binMerSR0fjets_bin1 = -0.175613 +/- 1,prop_binMerSR0fjets_bin1_In = -0.175613,prop_binMerSR0fjets_bin2 = -0.149297 +/- 1,prop_binMerSR0fjets_bin2_In = -0.149108,prop_binMerSR0fjets_bin3 = -0.10529 +/- 1,prop_binMerSR0fjets_bin3_In = -0.10529,prop_binMerSR0fjets_bin4 = -0.153485 +/- 1,prop_binMerSR0fjets_bin4_In = -0.153485,prop_binMerSR0fjets_bin5 = -0.120752 +/- 1,prop_binMerSR0fjets_bin5_In = -0.120752,prop_binMerSR0fjets_bin6 = -0.11917 +/- 1,prop_binMerSR0fjets_bin6_In = -0.11917,prop_binMerSR0fjets_bin7 = -0.0700066 +/- 1,prop_binMerSR0fjets_bin7_In = -0.0700066,prop_binMerSR0fjets_bin8 = -0.149082 +/- 1,prop_binMerSR0fjets_bin8_In = -0.149082,prop_binMerSR0fjets_bin9 = -0.109423 +/- 1,prop_binMerSR0fjets_bin9_In = -0.109423,prop_binMerSR0fjets_bin10 = -0.102756 +/- 1,prop_binMerSR0fjets_bin10_In = -0.102756,prop_binMerSR0fjets_bin11 = -0.033121 +/- 1,prop_binMerSR0fjets_bin11_In = -0.033121,prop_binMerSR0fjets_bin12 = -0.0721867 +/- 1,prop_binMerSR0fjets_bin12_In = -0.0721867,prop_binMerSRatleast1fjets_bin0 = -0.320327 +/- 1,prop_binMerSRatleast1fjets_bin0_In = -0.32005,prop_binMerSRatleast1fjets_bin1 = -0.186187 +/- 1,prop_binMerSRatleast1fjets_bin1_In = -0.185275,prop_binMerSRatleast1fjets_bin2 = -0.192544 +/- 1,prop_binMerSRatleast1fjets_bin2_In = -0.191581,prop_binMerSRatleast1fjets_bin3 = -0.220289 +/- 1,prop_binMerSRatleast1fjets_bin3_In = -0.218908,prop_binMerSRatleast1fjets_bin4 = -0.153093 +/- 1,prop_binMerSRatleast1fjets_bin4_In = -0.152653,prop_binMerSRatleast1fjets_bin5 = -0.195449 +/- 1,prop_binMerSRatleast1fjets_bin5_In = -0.195449,prop_binMerSRatleast1fjets_bin6 = -0.112865 +/- 1,prop_binMerSRatleast1fjets_bin6_In = -0.112478,prop_binMerSRatleast1fjets_bin7 = -0.0825727 +/- 1,prop_binMerSRatleast1fjets_bin7_In = -0.0825727,prop_binMerSRatleast1fjets_bin8 = -0.176838 +/- 1,prop_binMerSRatleast1fjets_bin8_In = -0.176838,prop_binMerSRatleast1fjets_bin9 = -0.119205 +/- 1,prop_binMerSRatleast1fjets_bin9_In = -0.119205,prop_binMerSRatleast1fjets_bin10 = -0.0391236 +/- 1,prop_binMerSRatleast1fjets_bin10_In = -0.0391236,prop_binMerSRatleast1fjets_bin11 = -0.0111931 +/- 1,prop_binMerSRatleast1fjets_bin11_In = -0.0111931,prop_binMerSRatleast1fjets_bin12 = -0.0466547 +/- 1,prop_binMerSRatleast1fjets_bin12_In = -0.0466547,prop_binAH_bin0 = -0.0282348 +/- 1,prop_binAH_bin0_In = -0.0109186,prop_binAH_bin1 = -0.050625 +/- 1,prop_binAH_bin1_In = -0.0286434,prop_binAH_bin2 = -0.0504986 +/- 1,prop_binAH_bin2_In = -0.0277665,prop_binAH_bin3 = -0.0482041 +/- 1,prop_binAH_bin3_In = -0.0315457,prop_binAH_bin4 = -0.0278614 +/- 1,prop_binAH_bin4_In = -0.0186437,prop_binAH_bin5 = -0.0441663 +/- 1,prop_binAH_bin5_In = -0.0409303,prop_binAH_bin6 = -0.049327 +/- 1,prop_binAH_bin6_In = -0.0473935,prop_binAH_bin7 = -0.0510246 +/- 1,prop_binAH_bin7_In = -0.0492391,prop_binAH_bin8 = -0.0382277 +/- 1,prop_binAH_bin8_In = -0.0367237,prop_binAH_bin9 = -0.0671295 +/- 1,prop_binAH_bin9_In = -0.0663212,prop_binAH_bin10 = -0.106393 +/- 1,prop_binAH_bin10_In = -0.105663,prop_binAH_bin11 = -0.0985273 +/- 1,prop_binAH_bin11_In = -0.0981594,prop_binAH_bin12 = -0.141006 +/- 1,prop_binAH_bin12_In = -0.140827,prop_binSL_bin0 = -0.00981445 +/- 1,prop_binSL_bin0_In = -0.00299018,prop_binSL_bin1 = -0.0145256 +/- 1,prop_binSL_bin1_In = -0.0110276,prop_binSL_bin2 = -0.0173753 +/- 1,prop_binSL_bin2_In = -0.0146286,prop_binSL_bin3 = -0.0275412 +/- 1,prop_binSL_bin3_In = -0.0255778,prop_binSL_bin4 = -0.0401443 +/- 1,prop_binSL_bin4_In = -0.0390298,prop_binSL_bin5 = -0.0378343 +/- 1,prop_binSL_bin5_In = -0.0372693,prop_binSL_bin6 = -0.0304959 +/- 1,prop_binSL_bin6_In = -0.0301458,prop_binSL_bin7 = -0.067979 +/- 1,prop_binSL_bin7_In = -0.067837,prop_binSL_bin8 = -0.0479434 +/- 1,prop_binSL_bin8_In = -0.0477961,prop_binSL_bin9 = -0.0838988 +/- 1,prop_binSL_bin9_In = -0.0836853,prop_binSL_bin10 = -0.109236 +/- 1,prop_binSL_bin10_In = -0.109236,prop_binSL_bin11 = -0.054147 +/- 1,prop_binSL_bin11_In = -0.0541468,prop_binSL_bin12 = -0.156153 +/- 1,prop_binSL_bin12_In = -0.156153,prop_binAH1lWR_bin0 = 7 +/- 1,prop_binAH1lWR_bin0_In = 7,prop_binAH1lWR_bin1 = 7 +/- 1,prop_binAH1lWR_bin1_In = 7,prop_binAH1lWR_bin2 = 7 +/- 1,prop_binAH1lWR_bin2_In = 7,prop_binAH1lWR_bin3 = 7 +/- 1,prop_binAH1lWR_bin3_In = 7,prop_binAH1lWR_bin4 = 7 +/- 1,prop_binAH1lWR_bin4_In = 7,prop_binAH1lWR_bin5 = 7 +/- 1,prop_binAH1lWR_bin5_In = 7,prop_binAH1lWR_bin6 = 7 +/- 1,prop_binAH1lWR_bin6_In = 7,prop_binAH1lWR_bin7 = 7 +/- 1,prop_binAH1lWR_bin7_In = 7,prop_binAH1lWR_bin8 = 7 +/- 1,prop_binAH1lWR_bin8_In = 7,prop_binAH1lWR_bin9 = 7 +/- 1,prop_binAH1lWR_bin9_In = 7,prop_binAH1lWR_bin10 = 6.56728 +/- 1,prop_binAH1lWR_bin10_In = 6.56062,prop_binAH1lWR_bin11 = 2.81275 +/- 1,prop_binAH1lWR_bin11_In = 2.80986,prop_binAH1lWR_bin12 = 3.90079 +/- 1,prop_binAH1lWR_bin12_In = 3.89679,prop_binAH0lZR_bin0 = -0.0258655 +/- 1,prop_binAH0lZR_bin0_In = -0.0256302,prop_binAH0lZR_bin1 = -0.0409578 +/- 1,prop_binAH0lZR_bin1_In = -0.0405029,prop_binAH0lZR_bin2 = -0.0228131 +/- 1,prop_binAH0lZR_bin2_In = -0.0223185,prop_binAH0lZR_bin3 = -0.01973 +/- 1,prop_binAH0lZR_bin3_In = -0.0189429,prop_binAH0lZR_bin4 = -0.0480615 +/- 1,prop_binAH0lZR_bin4_In = -0.0476957,prop_binAH0lZR_bin5 = -0.0279015 +/- 1,prop_binAH0lZR_bin5_In = -0.027593,prop_binAH0lZR_bin6 = -0.0615962 +/- 1,prop_binAH0lZR_bin6_In = -0.0615962,prop_binAH0lZR_bin7 = -0.081807 +/- 1,prop_binAH0lZR_bin7_In = -0.0818071,prop_binAH0lZR_bin8 = -0.068522 +/- 1,prop_binAH0lZR_bin8_In = -0.0685221,prop_binAH0lZR_bin9 = -0.0431377 +/- 1,prop_binAH0lZR_bin9_In = -0.0431377,prop_binAH0lZR_bin10 = -0.0615338 +/- 1,prop_binAH0lZR_bin10_In = -0.0615338,prop_binAH0lZR_bin11 = -0.184179 +/- 1,prop_binAH0lZR_bin11_In = -0.184179,prop_binAH0lZR_bin12 = -0.139623 +/- 1,prop_binAH0lZR_bin12_In = -0.139623,ONE = 1,r = 0.25 +/- 0,WJets_norm = 1 +/- 0,ZJets_norm = 1 +/- 0), catParams=()
WARNING: underflow to -nan in pdf_binMixSRatleast1fjets_obsOnly for bin 0, weight -nan
[#0] ERROR:Eval -- RooAbsReal::logEvalError(MixSRatleast1fjets) evaluation error, 
 origin       : RooAbsReal::MixSRatleast1fjets[ params=(ONE,jer,jesTotal,luminosity,prop_binMixSRatleast1fjets_bin0,prop_binMixSRatleast1fjets_bin1,prop_binMixSRatleast1fjets_bin2,prop_binMixSRatleast1fjets_bin3,prop_binMixSRatleast1fjets_bin4,prop_binMixSRatleast1fjets_bin5,prop_binMixSRatleast1fjets_bin6,prop_binMixSRatleast1fjets_bin7,prop_binMixSRatleast1fjets_bin8,prop_binMixSRatleast1fjets_bin9,pu,r) catParams=() ]
 message      : Number of events is negative or error
 server values: params=(ONE = 1,jer = 0 +/- 0,jesTotal = 0 +/- 0,luminosity = 0 +/- 0,prop_binMixSRatleast1fjets_bin0 = -nan +/- 1,prop_binMixSRatleast1fjets_bin1 = -nan +/- 1,prop_binMixSRatleast1fjets_bin2 = -nan +/- 1,prop_binMixSRatleast1fjets_bin3 = -nan +/- 1,prop_binMixSRatleast1fjets_bin4 = -nan +/- 1,prop_binMixSRatleast1fjets_bin5 = -nan +/- 1,prop_binMixSRatleast1fjets_bin6 = -nan +/- 1,prop_binMixSRatleast1fjets_bin7 = -nan +/- 1,prop_binMixSRatleast1fjets_bin8 = -nan +/- 1,prop_binMixSRatleast1fjets_bin9 = -nan +/- 1,pu = 0 +/- 0,r = 0.125 +/- 0), catParams=()
FASTEXIT from pdf_binMixSRatleast1fjets_obsOnly
[#0] ERROR:Eval -- RooAbsReal::logEvalError() evaluation error, 
 origin       : RooAbsReal::[ params=(jer,jer_In,jesTotal,jesTotal_In,luminosity,luminosity_In,pu,pu_In,prop_binMixSR0fjets_bin0,prop_binMixSR0fjets_bin0_In,prop_binMixSR0fjets_bin1,prop_binMixSR0fjets_bin1_In,prop_binMixSR0fjets_bin2,prop_binMixSR0fjets_bin2_In,prop_binMixSR0fjets_bin3,prop_binMixSR0fjets_bin3_In,prop_binMixSR0fjets_bin4,prop_binMixSR0fjets_bin4_In,prop_binMixSR0fjets_bin5,prop_binMixSR0fjets_bin5_In,prop_binMixSR0fjets_bin6,prop_binMixSR0fjets_bin6_In,prop_binMixSR0fjets_bin7,prop_binMixSR0fjets_bin7_In,prop_binMixSR0fjets_bin8,prop_binMixSR0fjets_bin8_In,prop_binMixSR0fjets_bin9,prop_binMixSR0fjets_bin9_In,prop_binMixSRatleast1fjets_bin0,prop_binMixSRatleast1fjets_bin0_In,prop_binMixSRatleast1fjets_bin1,prop_binMixSRatleast1fjets_bin1_In,prop_binMixSRatleast1fjets_bin2,prop_binMixSRatleast1fjets_bin2_In,prop_binMixSRatleast1fjets_bin3,prop_binMixSRatleast1fjets_bin3_In,prop_binMixSRatleast1fjets_bin4,prop_binMixSRatleast1fjets_bin4_In,prop_binMixSRatleast1fjets_bin5,prop_binMixSRatleast1fjets_bin5_In,prop_binMixSRatleast1fjets_bin6,prop_binMixSRatleast1fjets_bin6_In,prop_binMixSRatleast1fjets_bin7,prop_binMixSRatleast1fjets_bin7_In,prop_binMixSRatleast1fjets_bin8,prop_binMixSRatleast1fjets_bin8_In,prop_binMixSRatleast1fjets_bin9,prop_binMixSRatleast1fjets_bin9_In,prop_binMerSR0fjets_bin0,prop_binMerSR0fjets_bin0_In,prop_binMerSR0fjets_bin1,prop_binMerSR0fjets_bin1_In,prop_binMerSR0fjets_bin2,prop_binMerSR0fjets_bin2_In,prop_binMerSR0fjets_bin3,prop_binMerSR0fjets_bin3_In,prop_binMerSR0fjets_bin4,prop_binMerSR0fjets_bin4_In,prop_binMerSR0fjets_bin5,prop_binMerSR0fjets_bin5_In,prop_binMerSR0fjets_bin6,prop_binMerSR0fjets_bin6_In,prop_binMerSR0fjets_bin7,prop_binMerSR0fjets_bin7_In,prop_binMerSR0fjets_bin8,prop_binMerSR0fjets_bin8_In,prop_binMerSR0fjets_bin9,prop_binMerSR0fjets_bin9_In,prop_binMerSR0fjets_bin10,prop_binMerSR0fjets_bin10_In,prop_binMerSR0fjets_bin11,prop_binMerSR0fjets_bin11_In,prop_binMerSR0fjets_bin12,prop_binMerSR0fjets_bin12_In,prop_binMerSRatleast1fjets_bin0,prop_binMerSRatleast1fjets_bin0_In,prop_binMerSRatleast1fjets_bin1,prop_binMerSRatleast1fjets_bin1_In,prop_binMerSRatleast1fjets_bin2,prop_binMerSRatleast1fjets_bin2_In,prop_binMerSRatleast1fjets_bin3,prop_binMerSRatleast1fjets_bin3_In,prop_binMerSRatleast1fjets_bin4,prop_binMerSRatleast1fjets_bin4_In,prop_binMerSRatleast1fjets_bin5,prop_binMerSRatleast1fjets_bin5_In,prop_binMerSRatleast1fjets_bin6,prop_binMerSRatleast1fjets_bin6_In,prop_binMerSRatleast1fjets_bin7,prop_binMerSRatleast1fjets_bin7_In,prop_binMerSRatleast1fjets_bin8,prop_binMerSRatleast1fjets_bin8_In,prop_binMerSRatleast1fjets_bin9,prop_binMerSRatleast1fjets_bin9_In,prop_binMerSRatleast1fjets_bin10,prop_binMerSRatleast1fjets_bin10_In,prop_binMerSRatleast1fjets_bin11,prop_binMerSRatleast1fjets_bin11_In,prop_binMerSRatleast1fjets_bin12,prop_binMerSRatleast1fjets_bin12_In,prop_binAH_bin0,prop_binAH_bin0_In,prop_binAH_bin1,prop_binAH_bin1_In,prop_binAH_bin2,prop_binAH_bin2_In,prop_binAH_bin3,prop_binAH_bin3_In,prop_binAH_bin4,prop_binAH_bin4_In,prop_binAH_bin5,prop_binAH_bin5_In,prop_binAH_bin6,prop_binAH_bin6_In,prop_binAH_bin7,prop_binAH_bin7_In,prop_binAH_bin8,prop_binAH_bin8_In,prop_binAH_bin9,prop_binAH_bin9_In,prop_binAH_bin10,prop_binAH_bin10_In,prop_binAH_bin11,prop_binAH_bin11_In,prop_binAH_bin12,prop_binAH_bin12_In,prop_binSL_bin0,prop_binSL_bin0_In,prop_binSL_bin1,prop_binSL_bin1_In,prop_binSL_bin2,prop_binSL_bin2_In,prop_binSL_bin3,prop_binSL_bin3_In,prop_binSL_bin4,prop_binSL_bin4_In,prop_binSL_bin5,prop_binSL_bin5_In,prop_binSL_bin6,prop_binSL_bin6_In,prop_binSL_bin7,prop_binSL_bin7_In,prop_binSL_bin8,prop_binSL_bin8_In,prop_binSL_bin9,prop_binSL_bin9_In,prop_binSL_bin10,prop_binSL_bin10_In,prop_binSL_bin11,prop_binSL_bin11_In,prop_binSL_bin12,prop_binSL_bin12_In,prop_binAH1lWR_bin0,prop_binAH1lWR_bin0_In,prop_binAH1lWR_bin1,prop_binAH1lWR_bin1_In,prop_binAH1lWR_bin2,prop_binAH1lWR_bin2_In,prop_binAH1lWR_bin3,prop_binAH1lWR_bin3_In,prop_binAH1lWR_bin4,prop_binAH1lWR_bin4_In,prop_binAH1lWR_bin5,prop_binAH1lWR_bin5_In,prop_binAH1lWR_bin6,prop_binAH1lWR_bin6_In,prop_binAH1lWR_bin7,prop_binAH1lWR_bin7_In,prop_binAH1lWR_bin8,prop_binAH1lWR_bin8_In,prop_binAH1lWR_bin9,prop_binAH1lWR_bin9_In,prop_binAH1lWR_bin10,prop_binAH1lWR_bin10_In,prop_binAH1lWR_bin11,prop_binAH1lWR_bin11_In,prop_binAH1lWR_bin12,prop_binAH1lWR_bin12_In,prop_binAH0lZR_bin0,prop_binAH0lZR_bin0_In,prop_binAH0lZR_bin1,prop_binAH0lZR_bin1_In,prop_binAH0lZR_bin2,prop_binAH0lZR_bin2_In,prop_binAH0lZR_bin3,prop_binAH0lZR_bin3_In,prop_binAH0lZR_bin4,prop_binAH0lZR_bin4_In,prop_binAH0lZR_bin5,prop_binAH0lZR_bin5_In,prop_binAH0lZR_bin6,prop_binAH0lZR_bin6_In,prop_binAH0lZR_bin7,prop_binAH0lZR_bin7_In,prop_binAH0lZR_bin8,prop_binAH0lZR_bin8_In,prop_binAH0lZR_bin9,prop_binAH0lZR_bin9_In,prop_binAH0lZR_bin10,prop_binAH0lZR_bin10_In,prop_binAH0lZR_bin11,prop_binAH0lZR_bin11_In,prop_binAH0lZR_bin12,prop_binAH0lZR_bin12_In,ONE,r,WJets_norm,ZJets_norm) catParams=() ]
 message      : function value is NAN
 server values: params=(jer = 0 +/- 0,jer_In = 0,jesTotal = 0 +/- 0,jesTotal_In = 0,luminosity = 0 +/- 0,luminosity_In = 0,pu = 0 +/- 0,pu_In = 0,prop_binMixSR0fjets_bin0 = -0.0789827 +/- 1,prop_binMixSR0fjets_bin0_In = -0.0788549,prop_binMixSR0fjets_bin1 = -0.194489 +/- 1,prop_binMixSR0fjets_bin1_In = -0.193882,prop_binMixSR0fjets_bin2 = -0.413651 +/- 1,prop_binMixSR0fjets_bin2_In = -0.412919,prop_binMixSR0fjets_bin3 = -0.48695 +/- 1,prop_binMixSR0fjets_bin3_In = -0.486507,prop_binMixSR0fjets_bin4 = -0.439597 +/- 1,prop_binMixSR0fjets_bin4_In = -0.439597,prop_binMixSR0fjets_bin5 = -0.258363 +/- 1,prop_binMixSR0fjets_bin5_In = -0.258363,prop_binMixSR0fjets_bin6 = -0.0947715 +/- 1,prop_binMixSR0fjets_bin6_In = -0.0947715,prop_binMixSR0fjets_bin7 = -0.0868181 +/- 1,prop_binMixSR0fjets_bin7_In = -0.0868181,prop_binMixSR0fjets_bin8 = -0.0191154 +/- 1,prop_binMixSR0fjets_bin8_In = -0.0191154,prop_binMixSR0fjets_bin9 = -0.0232623 +/- 1,prop_binMixSR0fjets_bin9_In = -0.0232623,prop_binMixSRatleast1fjets_bin0 = -nan +/- 1,prop_binMixSRatleast1fjets_bin0_In = -0.125907,prop_binMixSRatleast1fjets_bin1 = -nan +/- 1,prop_binMixSRatleast1fjets_bin1_In = -0.0540419,prop_binMixSRatleast1fjets_bin2 = -nan +/- 1,prop_binMixSRatleast1fjets_bin2_In = -0.305233,prop_binMixSRatleast1fjets_bin3 = -nan +/- 1,prop_binMixSRatleast1fjets_bin3_In = -0.152606,prop_binMixSRatleast1fjets_bin4 = -nan +/- 1,prop_binMixSRatleast1fjets_bin4_In = -nan,prop_binMixSRatleast1fjets_bin5 = -nan +/- 1,prop_binMixSRatleast1fjets_bin5_In = -0.162581,prop_binMixSRatleast1fjets_bin6 = -nan +/- 1,prop_binMixSRatleast1fjets_bin6_In = -0.167271,prop_binMixSRatleast1fjets_bin7 = -nan +/- 1,prop_binMixSRatleast1fjets_bin7_In = -0.0948839,prop_binMixSRatleast1fjets_bin8 = -nan +/- 1,prop_binMixSRatleast1fjets_bin8_In = -0.126265,prop_binMixSRatleast1fjets_bin9 = -nan +/- 1,prop_binMixSRatleast1fjets_bin9_In = -0.0333149,prop_binMerSR0fjets_bin0 = -0.127907 +/- 1,prop_binMerSR0fjets_bin0_In = -0.127907,prop_binMerSR0fjets_bin1 = -0.175613 +/- 1,prop_binMerSR0fjets_bin1_In = -0.175613,prop_binMerSR0fjets_bin2 = -0.149202 +/- 1,prop_binMerSR0fjets_bin2_In = -0.149108,prop_binMerSR0fjets_bin3 = -0.10529 +/- 1,prop_binMerSR0fjets_bin3_In = -0.10529,prop_binMerSR0fjets_bin4 = -0.153485 +/- 1,prop_binMerSR0fjets_bin4_In = -0.153485,prop_binMerSR0fjets_bin5 = -0.120752 +/- 1,prop_binMerSR0fjets_bin5_In = -0.120752,prop_binMerSR0fjets_bin6 = -0.11917 +/- 1,prop_binMerSR0fjets_bin6_In = -0.11917,prop_binMerSR0fjets_bin7 = -0.0700066 +/- 1,prop_binMerSR0fjets_bin7_In = -0.0700066,prop_binMerSR0fjets_bin8 = -0.149082 +/- 1,prop_binMerSR0fjets_bin8_In = -0.149082,prop_binMerSR0fjets_bin9 = -0.109423 +/- 1,prop_binMerSR0fjets_bin9_In = -0.109423,prop_binMerSR0fjets_bin10 = -0.102756 +/- 1,prop_binMerSR0fjets_bin10_In = -0.102756,prop_binMerSR0fjets_bin11 = -0.033121 +/- 1,prop_binMerSR0fjets_bin11_In = -0.033121,prop_binMerSR0fjets_bin12 = -0.0721867 +/- 1,prop_binMerSR0fjets_bin12_In = -0.0721867,prop_binMerSRatleast1fjets_bin0 = -0.320189 +/- 1,prop_binMerSRatleast1fjets_bin0_In = -0.32005,prop_binMerSRatleast1fjets_bin1 = -0.185733 +/- 1,prop_binMerSRatleast1fjets_bin1_In = -0.185275,prop_binMerSRatleast1fjets_bin2 = -0.192064 +/- 1,prop_binMerSRatleast1fjets_bin2_In = -0.191581,prop_binMerSRatleast1fjets_bin3 = -0.219601 +/- 1,prop_binMerSRatleast1fjets_bin3_In = -0.218908,prop_binMerSRatleast1fjets_bin4 = -0.152874 +/- 1,prop_binMerSRatleast1fjets_bin4_In = -0.152653,prop_binMerSRatleast1fjets_bin5 = -0.195449 +/- 1,prop_binMerSRatleast1fjets_bin5_In = -0.195449,prop_binMerSRatleast1fjets_bin6 = -0.112672 +/- 1,prop_binMerSRatleast1fjets_bin6_In = -0.112478,prop_binMerSRatleast1fjets_bin7 = -0.0825727 +/- 1,prop_binMerSRatleast1fjets_bin7_In = -0.0825727,prop_binMerSRatleast1fjets_bin8 = -0.176838 +/- 1,prop_binMerSRatleast1fjets_bin8_In = -0.176838,prop_binMerSRatleast1fjets_bin9 = -0.119205 +/- 1,prop_binMerSRatleast1fjets_bin9_In = -0.119205,prop_binMerSRatleast1fjets_bin10 = -0.0391236 +/- 1,prop_binMerSRatleast1fjets_bin10_In = -0.0391236,prop_binMerSRatleast1fjets_bin11 = -0.0111931 +/- 1,prop_binMerSRatleast1fjets_bin11_In = -0.0111931,prop_binMerSRatleast1fjets_bin12 = -0.0466547 +/- 1,prop_binMerSRatleast1fjets_bin12_In = -0.0466547,prop_binAH_bin0 = -0.0195777 +/- 1,prop_binAH_bin0_In = -0.0109186,prop_binAH_bin1 = -0.0396358 +/- 1,prop_binAH_bin1_In = -0.0286434,prop_binAH_bin2 = -0.0391343 +/- 1,prop_binAH_bin2_In = -0.0277665,prop_binAH_bin3 = -0.0398756 +/- 1,prop_binAH_bin3_In = -0.0315457,prop_binAH_bin4 = -0.0232529 +/- 1,prop_binAH_bin4_In = -0.0186437,prop_binAH_bin5 = -0.0425485 +/- 1,prop_binAH_bin5_In = -0.0409303,prop_binAH_bin6 = -0.0483604 +/- 1,prop_binAH_bin6_In = -0.0473935,prop_binAH_bin7 = -0.0501319 +/- 1,prop_binAH_bin7_In = -0.0492391,prop_binAH_bin8 = -0.0374757 +/- 1,prop_binAH_bin8_In = -0.0367237,prop_binAH_bin9 = -0.0667254 +/- 1,prop_binAH_bin9_In = -0.0663212,prop_binAH_bin10 = -0.106028 +/- 1,prop_binAH_bin10_In = -0.105663,prop_binAH_bin11 = -0.0983433 +/- 1,prop_binAH_bin11_In = -0.0981594,prop_binAH_bin12 = -0.140916 +/- 1,prop_binAH_bin12_In = -0.140827,prop_binSL_bin0 = -0.00639725 +/- 1,prop_binSL_bin0_In = -0.00299018,prop_binSL_bin1 = -0.0127772 +/- 1,prop_binSL_bin1_In = -0.0110276,prop_binSL_bin2 = -0.0160026 +/- 1,prop_binSL_bin2_In = -0.0146286,prop_binSL_bin3 = -0.0265599 +/- 1,prop_binSL_bin3_In = -0.0255778,prop_binSL_bin4 = -0.0395878 +/- 1,prop_binSL_bin4_In = -0.0390298,prop_binSL_bin5 = -0.0375523 +/- 1,prop_binSL_bin5_In = -0.0372693,prop_binSL_bin6 = -0.0303212 +/- 1,prop_binSL_bin6_In = -0.0301458,prop_binSL_bin7 = -0.0679082 +/- 1,prop_binSL_bin7_In = -0.067837,prop_binSL_bin8 = -0.0478699 +/- 1,prop_binSL_bin8_In = -0.0477961,prop_binSL_bin9 = -0.0837924 +/- 1,prop_binSL_bin9_In = -0.0836853,prop_binSL_bin10 = -0.109236 +/- 1,prop_binSL_bin10_In = -0.109236,prop_binSL_bin11 = -0.054147 +/- 1,prop_binSL_bin11_In = -0.0541468,prop_binSL_bin12 = -0.156153 +/- 1,prop_binSL_bin12_In = -0.156153,prop_binAH1lWR_bin0 = 7 +/- 1,prop_binAH1lWR_bin0_In = 7,prop_binAH1lWR_bin1 = 7 +/- 1,prop_binAH1lWR_bin1_In = 7,prop_binAH1lWR_bin2 = 7 +/- 1,prop_binAH1lWR_bin2_In = 7,prop_binAH1lWR_bin3 = 7 +/- 1,prop_binAH1lWR_bin3_In = 7,prop_binAH1lWR_bin4 = 7 +/- 1,prop_binAH1lWR_bin4_In = 7,prop_binAH1lWR_bin5 = 7 +/- 1,prop_binAH1lWR_bin5_In = 7,prop_binAH1lWR_bin6 = 7 +/- 1,prop_binAH1lWR_bin6_In = 7,prop_binAH1lWR_bin7 = 7 +/- 1,prop_binAH1lWR_bin7_In = 7,prop_binAH1lWR_bin8 = 7 +/- 1,prop_binAH1lWR_bin8_In = 7,prop_binAH1lWR_bin9 = 7 +/- 1,prop_binAH1lWR_bin9_In = 7,prop_binAH1lWR_bin10 = 6.56728 +/- 1,prop_binAH1lWR_bin10_In = 6.56062,prop_binAH1lWR_bin11 = 2.81275 +/- 1,prop_binAH1lWR_bin11_In = 2.80986,prop_binAH1lWR_bin12 = 3.90079 +/- 1,prop_binAH1lWR_bin12_In = 3.89679,prop_binAH0lZR_bin0 = -0.0257479 +/- 1,prop_binAH0lZR_bin0_In = -0.0256302,prop_binAH0lZR_bin1 = -0.0407304 +/- 1,prop_binAH0lZR_bin1_In = -0.0405029,prop_binAH0lZR_bin2 = -0.022566 +/- 1,prop_binAH0lZR_bin2_In = -0.0223185,prop_binAH0lZR_bin3 = -0.0193363 +/- 1,prop_binAH0lZR_bin3_In = -0.0189429,prop_binAH0lZR_bin4 = -0.0478787 +/- 1,prop_binAH0lZR_bin4_In = -0.0476957,prop_binAH0lZR_bin5 = -0.0277472 +/- 1,prop_binAH0lZR_bin5_In = -0.027593,prop_binAH0lZR_bin6 = -0.0615962 +/- 1,prop_binAH0lZR_bin6_In = -0.0615962,prop_binAH0lZR_bin7 = -0.081807 +/- 1,prop_binAH0lZR_bin7_In = -0.0818071,prop_binAH0lZR_bin8 = -0.068522 +/- 1,prop_binAH0lZR_bin8_In = -0.0685221,prop_binAH0lZR_bin9 = -0.0431377 +/- 1,prop_binAH0lZR_bin9_In = -0.0431377,prop_binAH0lZR_bin10 = -0.0615338 +/- 1,prop_binAH0lZR_bin10_In = -0.0615338,prop_binAH0lZR_bin11 = -0.184179 +/- 1,prop_binAH0lZR_bin11_In = -0.184179,prop_binAH0lZR_bin12 = -0.139623 +/- 1,prop_binAH0lZR_bin12_In = -0.139623,ONE = 1,r = 0.125 +/- 0,WJets_norm = 1 +/- 0,ZJets_norm = 1 +/- 0), catParams=()
WARNING: underflow to -nan in pdf_binMixSRatleast1fjets_obsOnly for bin 0, weight -nan
[#0] ERROR:Eval -- RooAbsReal::logEvalError(MixSRatleast1fjets) evaluation error, 
 origin       : RooAbsReal::MixSRatleast1fjets[ params=(ONE,jer,jesTotal,luminosity,prop_binMixSRatleast1fjets_bin0,prop_binMixSRatleast1fjets_bin1,prop_binMixSRatleast1fjets_bin2,prop_binMixSRatleast1fjets_bin3,prop_binMixSRatleast1fjets_bin4,prop_binMixSRatleast1fjets_bin5,prop_binMixSRatleast1fjets_bin6,prop_binMixSRatleast1fjets_bin7,prop_binMixSRatleast1fjets_bin8,prop_binMixSRatleast1fjets_bin9,pu,r) catParams=() ]
 message      : Number of events is negative or error
 server values: params=(ONE = 1,jer = 0 +/- 0,jesTotal = 0 +/- 0,luminosity = 0 +/- 0,prop_binMixSRatleast1fjets_bin0 = -nan +/- 1,prop_binMixSRatleast1fjets_bin1 = -nan +/- 1,prop_binMixSRatleast1fjets_bin2 = -nan +/- 1,prop_binMixSRatleast1fjets_bin3 = -nan +/- 1,prop_binMixSRatleast1fjets_bin4 = -nan +/- 1,prop_binMixSRatleast1fjets_bin5 = -nan +/- 1,prop_binMixSRatleast1fjets_bin6 = -nan +/- 1,prop_binMixSRatleast1fjets_bin7 = -nan +/- 1,prop_binMixSRatleast1fjets_bin8 = -nan +/- 1,prop_binMixSRatleast1fjets_bin9 = -nan +/- 1,pu = 0 +/- 0,r = 0.0625 +/- 0), catParams=()
FASTEXIT from pdf_binMixSRatleast1fjets_obsOnly
[#0] ERROR:Eval -- RooAbsReal::logEvalError() evaluation error, 
 origin       : RooAbsReal::[ params=(jer,jer_In,jesTotal,jesTotal_In,luminosity,luminosity_In,pu,pu_In,prop_binMixSR0fjets_bin0,prop_binMixSR0fjets_bin0_In,prop_binMixSR0fjets_bin1,prop_binMixSR0fjets_bin1_In,prop_binMixSR0fjets_bin2,prop_binMixSR0fjets_bin2_In,prop_binMixSR0fjets_bin3,prop_binMixSR0fjets_bin3_In,prop_binMixSR0fjets_bin4,prop_binMixSR0fjets_bin4_In,prop_binMixSR0fjets_bin5,prop_binMixSR0fjets_bin5_In,prop_binMixSR0fjets_bin6,prop_binMixSR0fjets_bin6_In,prop_binMixSR0fjets_bin7,prop_binMixSR0fjets_bin7_In,prop_binMixSR0fjets_bin8,prop_binMixSR0fjets_bin8_In,prop_binMixSR0fjets_bin9,prop_binMixSR0fjets_bin9_In,prop_binMixSRatleast1fjets_bin0,prop_binMixSRatleast1fjets_bin0_In,prop_binMixSRatleast1fjets_bin1,prop_binMixSRatleast1fjets_bin1_In,prop_binMixSRatleast1fjets_bin2,prop_binMixSRatleast1fjets_bin2_In,prop_binMixSRatleast1fjets_bin3,prop_binMixSRatleast1fjets_bin3_In,prop_binMixSRatleast1fjets_bin4,prop_binMixSRatleast1fjets_bin4_In,prop_binMixSRatleast1fjets_bin5,prop_binMixSRatleast1fjets_bin5_In,prop_binMixSRatleast1fjets_bin6,prop_binMixSRatleast1fjets_bin6_In,prop_binMixSRatleast1fjets_bin7,prop_binMixSRatleast1fjets_bin7_In,prop_binMixSRatleast1fjets_bin8,prop_binMixSRatleast1fjets_bin8_In,prop_binMixSRatleast1fjets_bin9,prop_binMixSRatleast1fjets_bin9_In,prop_binMerSR0fjets_bin0,prop_binMerSR0fjets_bin0_In,prop_binMerSR0fjets_bin1,prop_binMerSR0fjets_bin1_In,prop_binMerSR0fjets_bin2,prop_binMerSR0fjets_bin2_In,prop_binMerSR0fjets_bin3,prop_binMerSR0fjets_bin3_In,prop_binMerSR0fjets_bin4,prop_binMerSR0fjets_bin4_In,prop_binMerSR0fjets_bin5,prop_binMerSR0fjets_bin5_In,prop_binMerSR0fjets_bin6,prop_binMerSR0fjets_bin6_In,prop_binMerSR0fjets_bin7,prop_binMerSR0fjets_bin7_In,prop_binMerSR0fjets_bin8,prop_binMerSR0fjets_bin8_In,prop_binMerSR0fjets_bin9,prop_binMerSR0fjets_bin9_In,prop_binMerSR0fjets_bin10,prop_binMerSR0fjets_bin10_In,prop_binMerSR0fjets_bin11,prop_binMerSR0fjets_bin11_In,prop_binMerSR0fjets_bin12,prop_binMerSR0fjets_bin12_In,prop_binMerSRatleast1fjets_bin0,prop_binMerSRatleast1fjets_bin0_In,prop_binMerSRatleast1fjets_bin1,prop_binMerSRatleast1fjets_bin1_In,prop_binMerSRatleast1fjets_bin2,prop_binMerSRatleast1fjets_bin2_In,prop_binMerSRatleast1fjets_bin3,prop_binMerSRatleast1fjets_bin3_In,prop_binMerSRatleast1fjets_bin4,prop_binMerSRatleast1fjets_bin4_In,prop_binMerSRatleast1fjets_bin5,prop_binMerSRatleast1fjets_bin5_In,prop_binMerSRatleast1fjets_bin6,prop_binMerSRatleast1fjets_bin6_In,prop_binMerSRatleast1fjets_bin7,prop_binMerSRatleast1fjets_bin7_In,prop_binMerSRatleast1fjets_bin8,prop_binMerSRatleast1fjets_bin8_In,prop_binMerSRatleast1fjets_bin9,prop_binMerSRatleast1fjets_bin9_In,prop_binMerSRatleast1fjets_bin10,prop_binMerSRatleast1fjets_bin10_In,prop_binMerSRatleast1fjets_bin11,prop_binMerSRatleast1fjets_bin11_In,prop_binMerSRatleast1fjets_bin12,prop_binMerSRatleast1fjets_bin12_In,prop_binAH_bin0,prop_binAH_bin0_In,prop_binAH_bin1,prop_binAH_bin1_In,prop_binAH_bin2,prop_binAH_bin2_In,prop_binAH_bin3,prop_binAH_bin3_In,prop_binAH_bin4,prop_binAH_bin4_In,prop_binAH_bin5,prop_binAH_bin5_In,prop_binAH_bin6,prop_binAH_bin6_In,prop_binAH_bin7,prop_binAH_bin7_In,prop_binAH_bin8,prop_binAH_bin8_In,prop_binAH_bin9,prop_binAH_bin9_In,prop_binAH_bin10,prop_binAH_bin10_In,prop_binAH_bin11,prop_binAH_bin11_In,prop_binAH_bin12,prop_binAH_bin12_In,prop_binSL_bin0,prop_binSL_bin0_In,prop_binSL_bin1,prop_binSL_bin1_In,prop_binSL_bin2,prop_binSL_bin2_In,prop_binSL_bin3,prop_binSL_bin3_In,prop_binSL_bin4,prop_binSL_bin4_In,prop_binSL_bin5,prop_binSL_bin5_In,prop_binSL_bin6,prop_binSL_bin6_In,prop_binSL_bin7,prop_binSL_bin7_In,prop_binSL_bin8,prop_binSL_bin8_In,prop_binSL_bin9,prop_binSL_bin9_In,prop_binSL_bin10,prop_binSL_bin10_In,prop_binSL_bin11,prop_binSL_bin11_In,prop_binSL_bin12,prop_binSL_bin12_In,prop_binAH1lWR_bin0,prop_binAH1lWR_bin0_In,prop_binAH1lWR_bin1,prop_binAH1lWR_bin1_In,prop_binAH1lWR_bin2,prop_binAH1lWR_bin2_In,prop_binAH1lWR_bin3,prop_binAH1lWR_bin3_In,prop_binAH1lWR_bin4,prop_binAH1lWR_bin4_In,prop_binAH1lWR_bin5,prop_binAH1lWR_bin5_In,prop_binAH1lWR_bin6,prop_binAH1lWR_bin6_In,prop_binAH1lWR_bin7,prop_binAH1lWR_bin7_In,prop_binAH1lWR_bin8,prop_binAH1lWR_bin8_In,prop_binAH1lWR_bin9,prop_binAH1lWR_bin9_In,prop_binAH1lWR_bin10,prop_binAH1lWR_bin10_In,prop_binAH1lWR_bin11,prop_binAH1lWR_bin11_In,prop_binAH1lWR_bin12,prop_binAH1lWR_bin12_In,prop_binAH0lZR_bin0,prop_binAH0lZR_bin0_In,prop_binAH0lZR_bin1,prop_binAH0lZR_bin1_In,prop_binAH0lZR_bin2,prop_binAH0lZR_bin2_In,prop_binAH0lZR_bin3,prop_binAH0lZR_bin3_In,prop_binAH0lZR_bin4,prop_binAH0lZR_bin4_In,prop_binAH0lZR_bin5,prop_binAH0lZR_bin5_In,prop_binAH0lZR_bin6,prop_binAH0lZR_bin6_In,prop_binAH0lZR_bin7,prop_binAH0lZR_bin7_In,prop_binAH0lZR_bin8,prop_binAH0lZR_bin8_In,prop_binAH0lZR_bin9,prop_binAH0lZR_bin9_In,prop_binAH0lZR_bin10,prop_binAH0lZR_bin10_In,prop_binAH0lZR_bin11,prop_binAH0lZR_bin11_In,prop_binAH0lZR_bin12,prop_binAH0lZR_bin12_In,ONE,r,WJets_norm,ZJets_norm) catParams=() ]
 message      : function value is NAN
 server values: params=(jer = 0 +/- 0,jer_In = 0,jesTotal = 0 +/- 0,jesTotal_In = 0,luminosity = 0 +/- 0,luminosity_In = 0,pu = 0 +/- 0,pu_In = 0,prop_binMixSR0fjets_bin0 = -0.0789188 +/- 1,prop_binMixSR0fjets_bin0_In = -0.0788549,prop_binMixSR0fjets_bin1 = -0.194186 +/- 1,prop_binMixSR0fjets_bin1_In = -0.193882,prop_binMixSR0fjets_bin2 = -0.413285 +/- 1,prop_binMixSR0fjets_bin2_In = -0.412919,prop_binMixSR0fjets_bin3 = -0.486729 +/- 1,prop_binMixSR0fjets_bin3_In = -0.486507,prop_binMixSR0fjets_bin4 = -0.439597 +/- 1,prop_binMixSR0fjets_bin4_In = -0.439597,prop_binMixSR0fjets_bin5 = -0.258363 +/- 1,prop_binMixSR0fjets_bin5_In = -0.258363,prop_binMixSR0fjets_bin6 = -0.0947715 +/- 1,prop_binMixSR0fjets_bin6_In = -0.0947715,prop_binMixSR0fjets_bin7 = -0.0868181 +/- 1,prop_binMixSR0fjets_bin7_In = -0.0868181,prop_binMixSR0fjets_bin8 = -0.0191154 +/- 1,prop_binMixSR0fjets_bin8_In = -0.0191154,prop_binMixSR0fjets_bin9 = -0.0232623 +/- 1,prop_binMixSR0fjets_bin9_In = -0.0232623,prop_binMixSRatleast1fjets_bin0 = -nan +/- 1,prop_binMixSRatleast1fjets_bin0_In = -0.125907,prop_binMixSRatleast1fjets_bin1 = -nan +/- 1,prop_binMixSRatleast1fjets_bin1_In = -0.0540419,prop_binMixSRatleast1fjets_bin2 = -nan +/- 1,prop_binMixSRatleast1fjets_bin2_In = -0.305233,prop_binMixSRatleast1fjets_bin3 = -nan +/- 1,prop_binMixSRatleast1fjets_bin3_In = -0.152606,prop_binMixSRatleast1fjets_bin4 = -nan +/- 1,prop_binMixSRatleast1fjets_bin4_In = -nan,prop_binMixSRatleast1fjets_bin5 = -nan +/- 1,prop_binMixSRatleast1fjets_bin5_In = -0.162581,prop_binMixSRatleast1fjets_bin6 = -nan +/- 1,prop_binMixSRatleast1fjets_bin6_In = -0.167271,prop_binMixSRatleast1fjets_bin7 = -nan +/- 1,prop_binMixSRatleast1fjets_bin7_In = -0.0948839,prop_binMixSRatleast1fjets_bin8 = -nan +/- 1,prop_binMixSRatleast1fjets_bin8_In = -0.126265,prop_binMixSRatleast1fjets_bin9 = -nan +/- 1,prop_binMixSRatleast1fjets_bin9_In = -0.0333149,prop_binMerSR0fjets_bin0 = -0.127907 +/- 1,prop_binMerSR0fjets_bin0_In = -0.127907,prop_binMerSR0fjets_bin1 = -0.175613 +/- 1,prop_binMerSR0fjets_bin1_In = -0.175613,prop_binMerSR0fjets_bin2 = -0.149155 +/- 1,prop_binMerSR0fjets_bin2_In = -0.149108,prop_binMerSR0fjets_bin3 = -0.10529 +/- 1,prop_binMerSR0fjets_bin3_In = -0.10529,prop_binMerSR0fjets_bin4 = -0.153485 +/- 1,prop_binMerSR0fjets_bin4_In = -0.153485,prop_binMerSR0fjets_bin5 = -0.120752 +/- 1,prop_binMerSR0fjets_bin5_In = -0.120752,prop_binMerSR0fjets_bin6 = -0.11917 +/- 1,prop_binMerSR0fjets_bin6_In = -0.11917,prop_binMerSR0fjets_bin7 = -0.0700066 +/- 1,prop_binMerSR0fjets_bin7_In = -0.0700066,prop_binMerSR0fjets_bin8 = -0.149082 +/- 1,prop_binMerSR0fjets_bin8_In = -0.149082,prop_binMerSR0fjets_bin9 = -0.109423 +/- 1,prop_binMerSR0fjets_bin9_In = -0.109423,prop_binMerSR0fjets_bin10 = -0.102756 +/- 1,prop_binMerSR0fjets_bin10_In = -0.102756,prop_binMerSR0fjets_bin11 = -0.033121 +/- 1,prop_binMerSR0fjets_bin11_In = -0.033121,prop_binMerSR0fjets_bin12 = -0.0721867 +/- 1,prop_binMerSR0fjets_bin12_In = -0.0721867,prop_binMerSRatleast1fjets_bin0 = -0.320119 +/- 1,prop_binMerSRatleast1fjets_bin0_In = -0.32005,prop_binMerSRatleast1fjets_bin1 = -0.185504 +/- 1,prop_binMerSRatleast1fjets_bin1_In = -0.185275,prop_binMerSRatleast1fjets_bin2 = -0.191823 +/- 1,prop_binMerSRatleast1fjets_bin2_In = -0.191581,prop_binMerSRatleast1fjets_bin3 = -0.219255 +/- 1,prop_binMerSRatleast1fjets_bin3_In = -0.218908,prop_binMerSRatleast1fjets_bin4 = -0.152764 +/- 1,prop_binMerSRatleast1fjets_bin4_In = -0.152653,prop_binMerSRatleast1fjets_bin5 = -0.195449 +/- 1,prop_binMerSRatleast1fjets_bin5_In = -0.195449,prop_binMerSRatleast1fjets_bin6 = -0.112575 +/- 1,prop_binMerSRatleast1fjets_bin6_In = -0.112478,prop_binMerSRatleast1fjets_bin7 = -0.0825727 +/- 1,prop_binMerSRatleast1fjets_bin7_In = -0.0825727,prop_binMerSRatleast1fjets_bin8 = -0.176838 +/- 1,prop_binMerSRatleast1fjets_bin8_In = -0.176838,prop_binMerSRatleast1fjets_bin9 = -0.119205 +/- 1,prop_binMerSRatleast1fjets_bin9_In = -0.119205,prop_binMerSRatleast1fjets_bin10 = -0.0391236 +/- 1,prop_binMerSRatleast1fjets_bin10_In = -0.0391236,prop_binMerSRatleast1fjets_bin11 = -0.0111931 +/- 1,prop_binMerSRatleast1fjets_bin11_In = -0.0111931,prop_binMerSRatleast1fjets_bin12 = -0.0466547 +/- 1,prop_binMerSRatleast1fjets_bin12_In = -0.0466547,prop_binAH_bin0 = -0.0152489 +/- 1,prop_binAH_bin0_In = -0.0109186,prop_binAH_bin1 = -0.0341402 +/- 1,prop_binAH_bin1_In = -0.0286434,prop_binAH_bin2 = -0.033451 +/- 1,prop_binAH_bin2_In = -0.0277665,prop_binAH_bin3 = -0.0357106 +/- 1,prop_binAH_bin3_In = -0.0315457,prop_binAH_bin4 = -0.0209484 +/- 1,prop_binAH_bin4_In = -0.0186437,prop_binAH_bin5 = -0.0417395 +/- 1,prop_binAH_bin5_In = -0.0409303,prop_binAH_bin6 = -0.047877 +/- 1,prop_binAH_bin6_In = -0.0473935,prop_binAH_bin7 = -0.0496856 +/- 1,prop_binAH_bin7_In = -0.0492391,prop_binAH_bin8 = -0.0370997 +/- 1,prop_binAH_bin8_In = -0.0367237,prop_binAH_bin9 = -0.0665234 +/- 1,prop_binAH_bin9_In = -0.0663212,prop_binAH_bin10 = -0.105846 +/- 1,prop_binAH_bin10_In = -0.105663,prop_binAH_bin11 = -0.0982514 +/- 1,prop_binAH_bin11_In = -0.0981594,prop_binAH_bin12 = -0.140872 +/- 1,prop_binAH_bin12_In = -0.140827,prop_binSL_bin0 = -0.00468865 +/- 1,prop_binSL_bin0_In = -0.00299018,prop_binSL_bin1 = -0.0119029 +/- 1,prop_binSL_bin1_In = -0.0110276,prop_binSL_bin2 = -0.0153162 +/- 1,prop_binSL_bin2_In = -0.0146286,prop_binSL_bin3 = -0.0260692 +/- 1,prop_binSL_bin3_In = -0.0255778,prop_binSL_bin4 = -0.0393096 +/- 1,prop_binSL_bin4_In = -0.0390298,prop_binSL_bin5 = -0.0374113 +/- 1,prop_binSL_bin5_In = -0.0372693,prop_binSL_bin6 = -0.0302339 +/- 1,prop_binSL_bin6_In = -0.0301458,prop_binSL_bin7 = -0.0678728 +/- 1,prop_binSL_bin7_In = -0.067837,prop_binSL_bin8 = -0.0478332 +/- 1,prop_binSL_bin8_In = -0.0477961,prop_binSL_bin9 = -0.0837392 +/- 1,prop_binSL_bin9_In = -0.0836853,prop_binSL_bin10 = -0.109236 +/- 1,prop_binSL_bin10_In = -0.109236,prop_binSL_bin11 = -0.054147 +/- 1,prop_binSL_bin11_In = -0.0541468,prop_binSL_bin12 = -0.156153 +/- 1,prop_binSL_bin12_In = -0.156153,prop_binAH1lWR_bin0 = 7 +/- 1,prop_binAH1lWR_bin0_In = 7,prop_binAH1lWR_bin1 = 7 +/- 1,prop_binAH1lWR_bin1_In = 7,prop_binAH1lWR_bin2 = 7 +/- 1,prop_binAH1lWR_bin2_In = 7,prop_binAH1lWR_bin3 = 7 +/- 1,prop_binAH1lWR_bin3_In = 7,prop_binAH1lWR_bin4 = 7 +/- 1,prop_binAH1lWR_bin4_In = 7,prop_binAH1lWR_bin5 = 7 +/- 1,prop_binAH1lWR_bin5_In = 7,prop_binAH1lWR_bin6 = 7 +/- 1,prop_binAH1lWR_bin6_In = 7,prop_binAH1lWR_bin7 = 7 +/- 1,prop_binAH1lWR_bin7_In = 7,prop_binAH1lWR_bin8 = 7 +/- 1,prop_binAH1lWR_bin8_In = 7,prop_binAH1lWR_bin9 = 7 +/- 1,prop_binAH1lWR_bin9_In = 7,prop_binAH1lWR_bin10 = 6.56728 +/- 1,prop_binAH1lWR_bin10_In = 6.56062,prop_binAH1lWR_bin11 = 2.81275 +/- 1,prop_binAH1lWR_bin11_In = 2.80986,prop_binAH1lWR_bin12 = 3.90079 +/- 1,prop_binAH1lWR_bin12_In = 3.89679,prop_binAH0lZR_bin0 = -0.0256891 +/- 1,prop_binAH0lZR_bin0_In = -0.0256302,prop_binAH0lZR_bin1 = -0.0406167 +/- 1,prop_binAH0lZR_bin1_In = -0.0405029,prop_binAH0lZR_bin2 = -0.0224425 +/- 1,prop_binAH0lZR_bin2_In = -0.0223185,prop_binAH0lZR_bin3 = -0.0191395 +/- 1,prop_binAH0lZR_bin3_In = -0.0189429,prop_binAH0lZR_bin4 = -0.0477873 +/- 1,prop_binAH0lZR_bin4_In = -0.0476957,prop_binAH0lZR_bin5 = -0.0276701 +/- 1,prop_binAH0lZR_bin5_In = -0.027593,prop_binAH0lZR_bin6 = -0.0615962 +/- 1,prop_binAH0lZR_bin6_In = -0.0615962,prop_binAH0lZR_bin7 = -0.081807 +/- 1,prop_binAH0lZR_bin7_In = -0.0818071,prop_binAH0lZR_bin8 = -0.068522 +/- 1,prop_binAH0lZR_bin8_In = -0.0685221,prop_binAH0lZR_bin9 = -0.0431377 +/- 1,prop_binAH0lZR_bin9_In = -0.0431377,prop_binAH0lZR_bin10 = -0.0615338 +/- 1,prop_binAH0lZR_bin10_In = -0.0615338,prop_binAH0lZR_bin11 = -0.184179 +/- 1,prop_binAH0lZR_bin11_In = -0.184179,prop_binAH0lZR_bin12 = -0.139623 +/- 1,prop_binAH0lZR_bin12_In = -0.139623,ONE = 1,r = 0.0625 +/- 0,WJets_norm = 1 +/- 0,ZJets_norm = 1 +/- 0), catParams=()
WARNING: underflow to -nan in pdf_binMixSRatleast1fjets_obsOnly for bin 0, weight -nan
[#0] ERROR:Eval -- RooAbsReal::logEvalError(MixSRatleast1fjets) evaluation error, 
 origin       : RooAbsReal::MixSRatleast1fjets[ params=(ONE,jer,jesTotal,luminosity,prop_binMixSRatleast1fjets_bin0,prop_binMixSRatleast1fjets_bin1,prop_binMixSRatleast1fjets_bin2,prop_binMixSRatleast1fjets_bin3,prop_binMixSRatleast1fjets_bin4,prop_binMixSRatleast1fjets_bin5,prop_binMixSRatleast1fjets_bin6,prop_binMixSRatleast1fjets_bin7,prop_binMixSRatleast1fjets_bin8,prop_binMixSRatleast1fjets_bin9,pu,r) catParams=() ]
 message      : Number of events is negative or error
 server values: params=(ONE = 1,jer = 0 +/- 0,jesTotal = 0 +/- 0,luminosity = 0 +/- 0,prop_binMixSRatleast1fjets_bin0 = -nan +/- 1,prop_binMixSRatleast1fjets_bin1 = -nan +/- 1,prop_binMixSRatleast1fjets_bin2 = -nan +/- 1,prop_binMixSRatleast1fjets_bin3 = -nan +/- 1,prop_binMixSRatleast1fjets_bin4 = -nan +/- 1,prop_binMixSRatleast1fjets_bin5 = -nan +/- 1,prop_binMixSRatleast1fjets_bin6 = -nan +/- 1,prop_binMixSRatleast1fjets_bin7 = -nan +/- 1,prop_binMixSRatleast1fjets_bin8 = -nan +/- 1,prop_binMixSRatleast1fjets_bin9 = -nan +/- 1,pu = 0 +/- 0,r = 0.03125 +/- 0), catParams=()
FASTEXIT from pdf_binMixSRatleast1fjets_obsOnly
[#0] ERROR:Eval -- RooAbsReal::logEvalError() evaluation error, 
 origin       : RooAbsReal::[ params=(jer,jer_In,jesTotal,jesTotal_In,luminosity,luminosity_In,pu,pu_In,prop_binMixSR0fjets_bin0,prop_binMixSR0fjets_bin0_In,prop_binMixSR0fjets_bin1,prop_binMixSR0fjets_bin1_In,prop_binMixSR0fjets_bin2,prop_binMixSR0fjets_bin2_In,prop_binMixSR0fjets_bin3,prop_binMixSR0fjets_bin3_In,prop_binMixSR0fjets_bin4,prop_binMixSR0fjets_bin4_In,prop_binMixSR0fjets_bin5,prop_binMixSR0fjets_bin5_In,prop_binMixSR0fjets_bin6,prop_binMixSR0fjets_bin6_In,prop_binMixSR0fjets_bin7,prop_binMixSR0fjets_bin7_In,prop_binMixSR0fjets_bin8,prop_binMixSR0fjets_bin8_In,prop_binMixSR0fjets_bin9,prop_binMixSR0fjets_bin9_In,prop_binMixSRatleast1fjets_bin0,prop_binMixSRatleast1fjets_bin0_In,prop_binMixSRatleast1fjets_bin1,prop_binMixSRatleast1fjets_bin1_In,prop_binMixSRatleast1fjets_bin2,prop_binMixSRatleast1fjets_bin2_In,prop_binMixSRatleast1fjets_bin3,prop_binMixSRatleast1fjets_bin3_In,prop_binMixSRatleast1fjets_bin4,prop_binMixSRatleast1fjets_bin4_In,prop_binMixSRatleast1fjets_bin5,prop_binMixSRatleast1fjets_bin5_In,prop_binMixSRatleast1fjets_bin6,prop_binMixSRatleast1fjets_bin6_In,prop_binMixSRatleast1fjets_bin7,prop_binMixSRatleast1fjets_bin7_In,prop_binMixSRatleast1fjets_bin8,prop_binMixSRatleast1fjets_bin8_In,prop_binMixSRatleast1fjets_bin9,prop_binMixSRatleast1fjets_bin9_In,prop_binMerSR0fjets_bin0,prop_binMerSR0fjets_bin0_In,prop_binMerSR0fjets_bin1,prop_binMerSR0fjets_bin1_In,prop_binMerSR0fjets_bin2,prop_binMerSR0fjets_bin2_In,prop_binMerSR0fjets_bin3,prop_binMerSR0fjets_bin3_In,prop_binMerSR0fjets_bin4,prop_binMerSR0fjets_bin4_In,prop_binMerSR0fjets_bin5,prop_binMerSR0fjets_bin5_In,prop_binMerSR0fjets_bin6,prop_binMerSR0fjets_bin6_In,prop_binMerSR0fjets_bin7,prop_binMerSR0fjets_bin7_In,prop_binMerSR0fjets_bin8,prop_binMerSR0fjets_bin8_In,prop_binMerSR0fjets_bin9,prop_binMerSR0fjets_bin9_In,prop_binMerSR0fjets_bin10,prop_binMerSR0fjets_bin10_In,prop_binMerSR0fjets_bin11,prop_binMerSR0fjets_bin11_In,prop_binMerSR0fjets_bin12,prop_binMerSR0fjets_bin12_In,prop_binMerSRatleast1fjets_bin0,prop_binMerSRatleast1fjets_bin0_In,prop_binMerSRatleast1fjets_bin1,prop_binMerSRatleast1fjets_bin1_In,prop_binMerSRatleast1fjets_bin2,prop_binMerSRatleast1fjets_bin2_In,prop_binMerSRatleast1fjets_bin3,prop_binMerSRatleast1fjets_bin3_In,prop_binMerSRatleast1fjets_bin4,prop_binMerSRatleast1fjets_bin4_In,prop_binMerSRatleast1fjets_bin5,prop_binMerSRatleast1fjets_bin5_In,prop_binMerSRatleast1fjets_bin6,prop_binMerSRatleast1fjets_bin6_In,prop_binMerSRatleast1fjets_bin7,prop_binMerSRatleast1fjets_bin7_In,prop_binMerSRatleast1fjets_bin8,prop_binMerSRatleast1fjets_bin8_In,prop_binMerSRatleast1fjets_bin9,prop_binMerSRatleast1fjets_bin9_In,prop_binMerSRatleast1fjets_bin10,prop_binMerSRatleast1fjets_bin10_In,prop_binMerSRatleast1fjets_bin11,prop_binMerSRatleast1fjets_bin11_In,prop_binMerSRatleast1fjets_bin12,prop_binMerSRatleast1fjets_bin12_In,prop_binAH_bin0,prop_binAH_bin0_In,prop_binAH_bin1,prop_binAH_bin1_In,prop_binAH_bin2,prop_binAH_bin2_In,prop_binAH_bin3,prop_binAH_bin3_In,prop_binAH_bin4,prop_binAH_bin4_In,prop_binAH_bin5,prop_binAH_bin5_In,prop_binAH_bin6,prop_binAH_bin6_In,prop_binAH_bin7,prop_binAH_bin7_In,prop_binAH_bin8,prop_binAH_bin8_In,prop_binAH_bin9,prop_binAH_bin9_In,prop_binAH_bin10,prop_binAH_bin10_In,prop_binAH_bin11,prop_binAH_bin11_In,prop_binAH_bin12,prop_binAH_bin12_In,prop_binSL_bin0,prop_binSL_bin0_In,prop_binSL_bin1,prop_binSL_bin1_In,prop_binSL_bin2,prop_binSL_bin2_In,prop_binSL_bin3,prop_binSL_bin3_In,prop_binSL_bin4,prop_binSL_bin4_In,prop_binSL_bin5,prop_binSL_bin5_In,prop_binSL_bin6,prop_binSL_bin6_In,prop_binSL_bin7,prop_binSL_bin7_In,prop_binSL_bin8,prop_binSL_bin8_In,prop_binSL_bin9,prop_binSL_bin9_In,prop_binSL_bin10,prop_binSL_bin10_In,prop_binSL_bin11,prop_binSL_bin11_In,prop_binSL_bin12,prop_binSL_bin12_In,prop_binAH1lWR_bin0,prop_binAH1lWR_bin0_In,prop_binAH1lWR_bin1,prop_binAH1lWR_bin1_In,prop_binAH1lWR_bin2,prop_binAH1lWR_bin2_In,prop_binAH1lWR_bin3,prop_binAH1lWR_bin3_In,prop_binAH1lWR_bin4,prop_binAH1lWR_bin4_In,prop_binAH1lWR_bin5,prop_binAH1lWR_bin5_In,prop_binAH1lWR_bin6,prop_binAH1lWR_bin6_In,prop_binAH1lWR_bin7,prop_binAH1lWR_bin7_In,prop_binAH1lWR_bin8,prop_binAH1lWR_bin8_In,prop_binAH1lWR_bin9,prop_binAH1lWR_bin9_In,prop_binAH1lWR_bin10,prop_binAH1lWR_bin10_In,prop_binAH1lWR_bin11,prop_binAH1lWR_bin11_In,prop_binAH1lWR_bin12,prop_binAH1lWR_bin12_In,prop_binAH0lZR_bin0,prop_binAH0lZR_bin0_In,prop_binAH0lZR_bin1,prop_binAH0lZR_bin1_In,prop_binAH0lZR_bin2,prop_binAH0lZR_bin2_In,prop_binAH0lZR_bin3,prop_binAH0lZR_bin3_In,prop_binAH0lZR_bin4,prop_binAH0lZR_bin4_In,prop_binAH0lZR_bin5,prop_binAH0lZR_bin5_In,prop_binAH0lZR_bin6,prop_binAH0lZR_bin6_In,prop_binAH0lZR_bin7,prop_binAH0lZR_bin7_In,prop_binAH0lZR_bin8,prop_binAH0lZR_bin8_In,prop_binAH0lZR_bin9,prop_binAH0lZR_bin9_In,prop_binAH0lZR_bin10,prop_binAH0lZR_bin10_In,prop_binAH0lZR_bin11,prop_binAH0lZR_bin11_In,prop_binAH0lZR_bin12,prop_binAH0lZR_bin12_In,ONE,r,WJets_norm,ZJets_norm) catParams=() ]
 message      : function value is NAN
 server values: params=(jer = 0 +/- 0,jer_In = 0,jesTotal = 0 +/- 0,jesTotal_In = 0,luminosity = 0 +/- 0,luminosity_In = 0,pu = 0 +/- 0,pu_In = 0,prop_binMixSR0fjets_bin0 = -0.0788868 +/- 1,prop_binMixSR0fjets_bin0_In = -0.0788549,prop_binMixSR0fjets_bin1 = -0.194034 +/- 1,prop_binMixSR0fjets_bin1_In = -0.193882,prop_binMixSR0fjets_bin2 = -0.413102 +/- 1,prop_binMixSR0fjets_bin2_In = -0.412919,prop_binMixSR0fjets_bin3 = -0.486618 +/- 1,prop_binMixSR0fjets_bin3_In = -0.486507,prop_binMixSR0fjets_bin4 = -0.439597 +/- 1,prop_binMixSR0fjets_bin4_In = -0.439597,prop_binMixSR0fjets_bin5 = -0.258363 +/- 1,prop_binMixSR0fjets_bin5_In = -0.258363,prop_binMixSR0fjets_bin6 = -0.0947715 +/- 1,prop_binMixSR0fjets_bin6_In = -0.0947715,prop_binMixSR0fjets_bin7 = -0.0868181 +/- 1,prop_binMixSR0fjets_bin7_In = -0.0868181,prop_binMixSR0fjets_bin8 = -0.0191154 +/- 1,prop_binMixSR0fjets_bin8_In = -0.0191154,prop_binMixSR0fjets_bin9 = -0.0232623 +/- 1,prop_binMixSR0fjets_bin9_In = -0.0232623,prop_binMixSRatleast1fjets_bin0 = -nan +/- 1,prop_binMixSRatleast1fjets_bin0_In = -0.125907,prop_binMixSRatleast1fjets_bin1 = -nan +/- 1,prop_binMixSRatleast1fjets_bin1_In = -0.0540419,prop_binMixSRatleast1fjets_bin2 = -nan +/- 1,prop_binMixSRatleast1fjets_bin2_In = -0.305233,prop_binMixSRatleast1fjets_bin3 = -nan +/- 1,prop_binMixSRatleast1fjets_bin3_In = -0.152606,prop_binMixSRatleast1fjets_bin4 = -nan +/- 1,prop_binMixSRatleast1fjets_bin4_In = -nan,prop_binMixSRatleast1fjets_bin5 = -nan +/- 1,prop_binMixSRatleast1fjets_bin5_In = -0.162581,prop_binMixSRatleast1fjets_bin6 = -nan +/- 1,prop_binMixSRatleast1fjets_bin6_In = -0.167271,prop_binMixSRatleast1fjets_bin7 = -nan +/- 1,prop_binMixSRatleast1fjets_bin7_In = -0.0948839,prop_binMixSRatleast1fjets_bin8 = -nan +/- 1,prop_binMixSRatleast1fjets_bin8_In = -0.126265,prop_binMixSRatleast1fjets_bin9 = -nan +/- 1,prop_binMixSRatleast1fjets_bin9_In = -0.0333149,prop_binMerSR0fjets_bin0 = -0.127907 +/- 1,prop_binMerSR0fjets_bin0_In = -0.127907,prop_binMerSR0fjets_bin1 = -0.175613 +/- 1,prop_binMerSR0fjets_bin1_In = -0.175613,prop_binMerSR0fjets_bin2 = -0.149132 +/- 1,prop_binMerSR0fjets_bin2_In = -0.149108,prop_binMerSR0fjets_bin3 = -0.10529 +/- 1,prop_binMerSR0fjets_bin3_In = -0.10529,prop_binMerSR0fjets_bin4 = -0.153485 +/- 1,prop_binMerSR0fjets_bin4_In = -0.153485,prop_binMerSR0fjets_bin5 = -0.120752 +/- 1,prop_binMerSR0fjets_bin5_In = -0.120752,prop_binMerSR0fjets_bin6 = -0.11917 +/- 1,prop_binMerSR0fjets_bin6_In = -0.11917,prop_binMerSR0fjets_bin7 = -0.0700066 +/- 1,prop_binMerSR0fjets_bin7_In = -0.0700066,prop_binMerSR0fjets_bin8 = -0.149082 +/- 1,prop_binMerSR0fjets_bin8_In = -0.149082,prop_binMerSR0fjets_bin9 = -0.109423 +/- 1,prop_binMerSR0fjets_bin9_In = -0.109423,prop_binMerSR0fjets_bin10 = -0.102756 +/- 1,prop_binMerSR0fjets_bin10_In = -0.102756,prop_binMerSR0fjets_bin11 = -0.033121 +/- 1,prop_binMerSR0fjets_bin11_In = -0.033121,prop_binMerSR0fjets_bin12 = -0.0721867 +/- 1,prop_binMerSR0fjets_bin12_In = -0.0721867,prop_binMerSRatleast1fjets_bin0 = -0.320085 +/- 1,prop_binMerSRatleast1fjets_bin0_In = -0.32005,prop_binMerSRatleast1fjets_bin1 = -0.185389 +/- 1,prop_binMerSRatleast1fjets_bin1_In = -0.185275,prop_binMerSRatleast1fjets_bin2 = -0.191702 +/- 1,prop_binMerSRatleast1fjets_bin2_In = -0.191581,prop_binMerSRatleast1fjets_bin3 = -0.219081 +/- 1,prop_binMerSRatleast1fjets_bin3_In = -0.218908,prop_binMerSRatleast1fjets_bin4 = -0.152709 +/- 1,prop_binMerSRatleast1fjets_bin4_In = -0.152653,prop_binMerSRatleast1fjets_bin5 = -0.195449 +/- 1,prop_binMerSRatleast1fjets_bin5_In = -0.195449,prop_binMerSRatleast1fjets_bin6 = -0.112526 +/- 1,prop_binMerSRatleast1fjets_bin6_In = -0.112478,prop_binMerSRatleast1fjets_bin7 = -0.0825727 +/- 1,prop_binMerSRatleast1fjets_bin7_In = -0.0825727,prop_binMerSRatleast1fjets_bin8 = -0.176838 +/- 1,prop_binMerSRatleast1fjets_bin8_In = -0.176838,prop_binMerSRatleast1fjets_bin9 = -0.119205 +/- 1,prop_binMerSRatleast1fjets_bin9_In = -0.119205,prop_binMerSRatleast1fjets_bin10 = -0.0391236 +/- 1,prop_binMerSRatleast1fjets_bin10_In = -0.0391236,prop_binMerSRatleast1fjets_bin11 = -0.0111931 +/- 1,prop_binMerSRatleast1fjets_bin11_In = -0.0111931,prop_binMerSRatleast1fjets_bin12 = -0.0466547 +/- 1,prop_binMerSRatleast1fjets_bin12_In = -0.0466547,prop_binAH_bin0 = -0.0130844 +/- 1,prop_binAH_bin0_In = -0.0109186,prop_binAH_bin1 = -0.0313922 +/- 1,prop_binAH_bin1_In = -0.0286434,prop_binAH_bin2 = -0.030609 +/- 1,prop_binAH_bin2_In = -0.0277665,prop_binAH_bin3 = -0.033628 +/- 1,prop_binAH_bin3_In = -0.0315457,prop_binAH_bin4 = -0.019796 +/- 1,prop_binAH_bin4_In = -0.0186437,prop_binAH_bin5 = -0.041335 +/- 1,prop_binAH_bin5_In = -0.0409303,prop_binAH_bin6 = -0.0476353 +/- 1,prop_binAH_bin6_In = -0.0473935,prop_binAH_bin7 = -0.0494624 +/- 1,prop_binAH_bin7_In = -0.0492391,prop_binAH_bin8 = -0.0369117 +/- 1,prop_binAH_bin8_In = -0.0367237,prop_binAH_bin9 = -0.0664223 +/- 1,prop_binAH_bin9_In = -0.0663212,prop_binAH_bin10 = -0.105755 +/- 1,prop_binAH_bin10_In = -0.105663,prop_binAH_bin11 = -0.0982054 +/- 1,prop_binAH_bin11_In = -0.0981594,prop_binAH_bin12 = -0.140849 +/- 1,prop_binAH_bin12_In = -0.140827,prop_binSL_bin0 = -0.00383434 +/- 1,prop_binSL_bin0_In = -0.00299018,prop_binSL_bin1 = -0.0114657 +/- 1,prop_binSL_bin1_In = -0.0110276,prop_binSL_bin2 = -0.014973 +/- 1,prop_binSL_bin2_In = -0.0146286,prop_binSL_bin3 = -0.0258238 +/- 1,prop_binSL_bin3_In = -0.0255778,prop_binSL_bin4 = -0.0391704 +/- 1,prop_binSL_bin4_In = -0.0390298,prop_binSL_bin5 = -0.0373408 +/- 1,prop_binSL_bin5_In = -0.0372693,prop_binSL_bin6 = -0.0301902 +/- 1,prop_binSL_bin6_In = -0.0301458,prop_binSL_bin7 = -0.0678551 +/- 1,prop_binSL_bin7_In = -0.067837,prop_binSL_bin8 = -0.0478148 +/- 1,prop_binSL_bin8_In = -0.0477961,prop_binSL_bin9 = -0.0837126 +/- 1,prop_binSL_bin9_In = -0.0836853,prop_binSL_bin10 = -0.109236 +/- 1,prop_binSL_bin10_In = -0.109236,prop_binSL_bin11 = -0.054147 +/- 1,prop_binSL_bin11_In = -0.0541468,prop_binSL_bin12 = -0.156153 +/- 1,prop_binSL_bin12_In = -0.156153,prop_binAH1lWR_bin0 = 7 +/- 1,prop_binAH1lWR_bin0_In = 7,prop_binAH1lWR_bin1 = 7 +/- 1,prop_binAH1lWR_bin1_In = 7,prop_binAH1lWR_bin2 = 7 +/- 1,prop_binAH1lWR_bin2_In = 7,prop_binAH1lWR_bin3 = 7 +/- 1,prop_binAH1lWR_bin3_In = 7,prop_binAH1lWR_bin4 = 7 +/- 1,prop_binAH1lWR_bin4_In = 7,prop_binAH1lWR_bin5 = 7 +/- 1,prop_binAH1lWR_bin5_In = 7,prop_binAH1lWR_bin6 = 7 +/- 1,prop_binAH1lWR_bin6_In = 7,prop_binAH1lWR_bin7 = 7 +/- 1,prop_binAH1lWR_bin7_In = 7,prop_binAH1lWR_bin8 = 7 +/- 1,prop_binAH1lWR_bin8_In = 7,prop_binAH1lWR_bin9 = 7 +/- 1,prop_binAH1lWR_bin9_In = 7,prop_binAH1lWR_bin10 = 6.56728 +/- 1,prop_binAH1lWR_bin10_In = 6.56062,prop_binAH1lWR_bin11 = 2.81275 +/- 1,prop_binAH1lWR_bin11_In = 2.80986,prop_binAH1lWR_bin12 = 3.90079 +/- 1,prop_binAH1lWR_bin12_In = 3.89679,prop_binAH0lZR_bin0 = -0.0256596 +/- 1,prop_binAH0lZR_bin0_In = -0.0256302,prop_binAH0lZR_bin1 = -0.0405599 +/- 1,prop_binAH0lZR_bin1_In = -0.0405029,prop_binAH0lZR_bin2 = -0.0223808 +/- 1,prop_binAH0lZR_bin2_In = -0.0223185,prop_binAH0lZR_bin3 = -0.0190411 +/- 1,prop_binAH0lZR_bin3_In = -0.0189429,prop_binAH0lZR_bin4 = -0.0477416 +/- 1,prop_binAH0lZR_bin4_In = -0.0476957,prop_binAH0lZR_bin5 = -0.0276315 +/- 1,prop_binAH0lZR_bin5_In = -0.027593,prop_binAH0lZR_bin6 = -0.0615962 +/- 1,prop_binAH0lZR_bin6_In = -0.0615962,prop_binAH0lZR_bin7 = -0.081807 +/- 1,prop_binAH0lZR_bin7_In = -0.0818071,prop_binAH0lZR_bin8 = -0.068522 +/- 1,prop_binAH0lZR_bin8_In = -0.0685221,prop_binAH0lZR_bin9 = -0.0431377 +/- 1,prop_binAH0lZR_bin9_In = -0.0431377,prop_binAH0lZR_bin10 = -0.0615338 +/- 1,prop_binAH0lZR_bin10_In = -0.0615338,prop_binAH0lZR_bin11 = -0.184179 +/- 1,prop_binAH0lZR_bin11_In = -0.184179,prop_binAH0lZR_bin12 = -0.139623 +/- 1,prop_binAH0lZR_bin12_In = -0.139623,ONE = 1,r = 0.03125 +/- 0,WJets_norm = 1 +/- 0,ZJets_norm = 1 +/- 0), catParams=()
WARNING: underflow to -nan in pdf_binMixSRatleast1fjets_obsOnly for bin 0, weight -nan
[#0] ERROR:Eval -- RooAbsReal::logEvalError(MixSRatleast1fjets) evaluation error, 
 origin       : RooAbsReal::MixSRatleast1fjets[ params=(ONE,jer,jesTotal,luminosity,prop_binMixSRatleast1fjets_bin0,prop_binMixSRatleast1fjets_bin1,prop_binMixSRatleast1fjets_bin2,prop_binMixSRatleast1fjets_bin3,prop_binMixSRatleast1fjets_bin4,prop_binMixSRatleast1fjets_bin5,prop_binMixSRatleast1fjets_bin6,prop_binMixSRatleast1fjets_bin7,prop_binMixSRatleast1fjets_bin8,prop_binMixSRatleast1fjets_bin9,pu,r) catParams=() ]
 message      : Number of events is negative or error
 server values: params=(ONE = 1,jer = 0 +/- 0,jesTotal = 0 +/- 0,luminosity = 0 +/- 0,prop_binMixSRatleast1fjets_bin0 = -nan +/- 1,prop_binMixSRatleast1fjets_bin1 = -nan +/- 1,prop_binMixSRatleast1fjets_bin2 = -nan +/- 1,prop_binMixSRatleast1fjets_bin3 = -nan +/- 1,prop_binMixSRatleast1fjets_bin4 = -nan +/- 1,prop_binMixSRatleast1fjets_bin5 = -nan +/- 1,prop_binMixSRatleast1fjets_bin6 = -nan +/- 1,prop_binMixSRatleast1fjets_bin7 = -nan +/- 1,prop_binMixSRatleast1fjets_bin8 = -nan +/- 1,prop_binMixSRatleast1fjets_bin9 = -nan +/- 1,pu = 0 +/- 0,r = 0.015625 +/- 0), catParams=()
FASTEXIT from pdf_binMixSRatleast1fjets_obsOnly
[#0] ERROR:Eval -- RooAbsReal::logEvalError() evaluation error, 
 origin       : RooAbsReal::[ params=(jer,jer_In,jesTotal,jesTotal_In,luminosity,luminosity_In,pu,pu_In,prop_binMixSR0fjets_bin0,prop_binMixSR0fjets_bin0_In,prop_binMixSR0fjets_bin1,prop_binMixSR0fjets_bin1_In,prop_binMixSR0fjets_bin2,prop_binMixSR0fjets_bin2_In,prop_binMixSR0fjets_bin3,prop_binMixSR0fjets_bin3_In,prop_binMixSR0fjets_bin4,prop_binMixSR0fjets_bin4_In,prop_binMixSR0fjets_bin5,prop_binMixSR0fjets_bin5_In,prop_binMixSR0fjets_bin6,prop_binMixSR0fjets_bin6_In,prop_binMixSR0fjets_bin7,prop_binMixSR0fjets_bin7_In,prop_binMixSR0fjets_bin8,prop_binMixSR0fjets_bin8_In,prop_binMixSR0fjets_bin9,prop_binMixSR0fjets_bin9_In,prop_binMixSRatleast1fjets_bin0,prop_binMixSRatleast1fjets_bin0_In,prop_binMixSRatleast1fjets_bin1,prop_binMixSRatleast1fjets_bin1_In,prop_binMixSRatleast1fjets_bin2,prop_binMixSRatleast1fjets_bin2_In,prop_binMixSRatleast1fjets_bin3,prop_binMixSRatleast1fjets_bin3_In,prop_binMixSRatleast1fjets_bin4,prop_binMixSRatleast1fjets_bin4_In,prop_binMixSRatleast1fjets_bin5,prop_binMixSRatleast1fjets_bin5_In,prop_binMixSRatleast1fjets_bin6,prop_binMixSRatleast1fjets_bin6_In,prop_binMixSRatleast1fjets_bin7,prop_binMixSRatleast1fjets_bin7_In,prop_binMixSRatleast1fjets_bin8,prop_binMixSRatleast1fjets_bin8_In,prop_binMixSRatleast1fjets_bin9,prop_binMixSRatleast1fjets_bin9_In,prop_binMerSR0fjets_bin0,prop_binMerSR0fjets_bin0_In,prop_binMerSR0fjets_bin1,prop_binMerSR0fjets_bin1_In,prop_binMerSR0fjets_bin2,prop_binMerSR0fjets_bin2_In,prop_binMerSR0fjets_bin3,prop_binMerSR0fjets_bin3_In,prop_binMerSR0fjets_bin4,prop_binMerSR0fjets_bin4_In,prop_binMerSR0fjets_bin5,prop_binMerSR0fjets_bin5_In,prop_binMerSR0fjets_bin6,prop_binMerSR0fjets_bin6_In,prop_binMerSR0fjets_bin7,prop_binMerSR0fjets_bin7_In,prop_binMerSR0fjets_bin8,prop_binMerSR0fjets_bin8_In,prop_binMerSR0fjets_bin9,prop_binMerSR0fjets_bin9_In,prop_binMerSR0fjets_bin10,prop_binMerSR0fjets_bin10_In,prop_binMerSR0fjets_bin11,prop_binMerSR0fjets_bin11_In,prop_binMerSR0fjets_bin12,prop_binMerSR0fjets_bin12_In,prop_binMerSRatleast1fjets_bin0,prop_binMerSRatleast1fjets_bin0_In,prop_binMerSRatleast1fjets_bin1,prop_binMerSRatleast1fjets_bin1_In,prop_binMerSRatleast1fjets_bin2,prop_binMerSRatleast1fjets_bin2_In,prop_binMerSRatleast1fjets_bin3,prop_binMerSRatleast1fjets_bin3_In,prop_binMerSRatleast1fjets_bin4,prop_binMerSRatleast1fjets_bin4_In,prop_binMerSRatleast1fjets_bin5,prop_binMerSRatleast1fjets_bin5_In,prop_binMerSRatleast1fjets_bin6,prop_binMerSRatleast1fjets_bin6_In,prop_binMerSRatleast1fjets_bin7,prop_binMerSRatleast1fjets_bin7_In,prop_binMerSRatleast1fjets_bin8,prop_binMerSRatleast1fjets_bin8_In,prop_binMerSRatleast1fjets_bin9,prop_binMerSRatleast1fjets_bin9_In,prop_binMerSRatleast1fjets_bin10,prop_binMerSRatleast1fjets_bin10_In,prop_binMerSRatleast1fjets_bin11,prop_binMerSRatleast1fjets_bin11_In,prop_binMerSRatleast1fjets_bin12,prop_binMerSRatleast1fjets_bin12_In,prop_binAH_bin0,prop_binAH_bin0_In,prop_binAH_bin1,prop_binAH_bin1_In,prop_binAH_bin2,prop_binAH_bin2_In,prop_binAH_bin3,prop_binAH_bin3_In,prop_binAH_bin4,prop_binAH_bin4_In,prop_binAH_bin5,prop_binAH_bin5_In,prop_binAH_bin6,prop_binAH_bin6_In,prop_binAH_bin7,prop_binAH_bin7_In,prop_binAH_bin8,prop_binAH_bin8_In,prop_binAH_bin9,prop_binAH_bin9_In,prop_binAH_bin10,prop_binAH_bin10_In,prop_binAH_bin11,prop_binAH_bin11_In,prop_binAH_bin12,prop_binAH_bin12_In,prop_binSL_bin0,prop_binSL_bin0_In,prop_binSL_bin1,prop_binSL_bin1_In,prop_binSL_bin2,prop_binSL_bin2_In,prop_binSL_bin3,prop_binSL_bin3_In,prop_binSL_bin4,prop_binSL_bin4_In,prop_binSL_bin5,prop_binSL_bin5_In,prop_binSL_bin6,prop_binSL_bin6_In,prop_binSL_bin7,prop_binSL_bin7_In,prop_binSL_bin8,prop_binSL_bin8_In,prop_binSL_bin9,prop_binSL_bin9_In,prop_binSL_bin10,prop_binSL_bin10_In,prop_binSL_bin11,prop_binSL_bin11_In,prop_binSL_bin12,prop_binSL_bin12_In,prop_binAH1lWR_bin0,prop_binAH1lWR_bin0_In,prop_binAH1lWR_bin1,prop_binAH1lWR_bin1_In,prop_binAH1lWR_bin2,prop_binAH1lWR_bin2_In,prop_binAH1lWR_bin3,prop_binAH1lWR_bin3_In,prop_binAH1lWR_bin4,prop_binAH1lWR_bin4_In,prop_binAH1lWR_bin5,prop_binAH1lWR_bin5_In,prop_binAH1lWR_bin6,prop_binAH1lWR_bin6_In,prop_binAH1lWR_bin7,prop_binAH1lWR_bin7_In,prop_binAH1lWR_bin8,prop_binAH1lWR_bin8_In,prop_binAH1lWR_bin9,prop_binAH1lWR_bin9_In,prop_binAH1lWR_bin10,prop_binAH1lWR_bin10_In,prop_binAH1lWR_bin11,prop_binAH1lWR_bin11_In,prop_binAH1lWR_bin12,prop_binAH1lWR_bin12_In,prop_binAH0lZR_bin0,prop_binAH0lZR_bin0_In,prop_binAH0lZR_bin1,prop_binAH0lZR_bin1_In,prop_binAH0lZR_bin2,prop_binAH0lZR_bin2_In,prop_binAH0lZR_bin3,prop_binAH0lZR_bin3_In,prop_binAH0lZR_bin4,prop_binAH0lZR_bin4_In,prop_binAH0lZR_bin5,prop_binAH0lZR_bin5_In,prop_binAH0lZR_bin6,prop_binAH0lZR_bin6_In,prop_binAH0lZR_bin7,prop_binAH0lZR_bin7_In,prop_binAH0lZR_bin8,prop_binAH0lZR_bin8_In,prop_binAH0lZR_bin9,prop_binAH0lZR_bin9_In,prop_binAH0lZR_bin10,prop_binAH0lZR_bin10_In,prop_binAH0lZR_bin11,prop_binAH0lZR_bin11_In,prop_binAH0lZR_bin12,prop_binAH0lZR_bin12_In,ONE,r,WJets_norm,ZJets_norm) catParams=() ]
 message      : function value is NAN
 server values: params=(jer = 0 +/- 0,jer_In = 0,jesTotal = 0 +/- 0,jesTotal_In = 0,luminosity = 0 +/- 0,luminosity_In = 0,pu = 0 +/- 0,pu_In = 0,prop_binMixSR0fjets_bin0 = -0.0788708 +/- 1,prop_binMixSR0fjets_bin0_In = -0.0788549,prop_binMixSR0fjets_bin1 = -0.193958 +/- 1,prop_binMixSR0fjets_bin1_In = -0.193882,prop_binMixSR0fjets_bin2 = -0.413011 +/- 1,prop_binMixSR0fjets_bin2_In = -0.412919,prop_binMixSR0fjets_bin3 = -0.486562 +/- 1,prop_binMixSR0fjets_bin3_In = -0.486507,prop_binMixSR0fjets_bin4 = -0.439597 +/- 1,prop_binMixSR0fjets_bin4_In = -0.439597,prop_binMixSR0fjets_bin5 = -0.258363 +/- 1,prop_binMixSR0fjets_bin5_In = -0.258363,prop_binMixSR0fjets_bin6 = -0.0947715 +/- 1,prop_binMixSR0fjets_bin6_In = -0.0947715,prop_binMixSR0fjets_bin7 = -0.0868181 +/- 1,prop_binMixSR0fjets_bin7_In = -0.0868181,prop_binMixSR0fjets_bin8 = -0.0191154 +/- 1,prop_binMixSR0fjets_bin8_In = -0.0191154,prop_binMixSR0fjets_bin9 = -0.0232623 +/- 1,prop_binMixSR0fjets_bin9_In = -0.0232623,prop_binMixSRatleast1fjets_bin0 = -nan +/- 1,prop_binMixSRatleast1fjets_bin0_In = -0.125907,prop_binMixSRatleast1fjets_bin1 = -nan +/- 1,prop_binMixSRatleast1fjets_bin1_In = -0.0540419,prop_binMixSRatleast1fjets_bin2 = -nan +/- 1,prop_binMixSRatleast1fjets_bin2_In = -0.305233,prop_binMixSRatleast1fjets_bin3 = -nan +/- 1,prop_binMixSRatleast1fjets_bin3_In = -0.152606,prop_binMixSRatleast1fjets_bin4 = -nan +/- 1,prop_binMixSRatleast1fjets_bin4_In = -nan,prop_binMixSRatleast1fjets_bin5 = -nan +/- 1,prop_binMixSRatleast1fjets_bin5_In = -0.162581,prop_binMixSRatleast1fjets_bin6 = -nan +/- 1,prop_binMixSRatleast1fjets_bin6_In = -0.167271,prop_binMixSRatleast1fjets_bin7 = -nan +/- 1,prop_binMixSRatleast1fjets_bin7_In = -0.0948839,prop_binMixSRatleast1fjets_bin8 = -nan +/- 1,prop_binMixSRatleast1fjets_bin8_In = -0.126265,prop_binMixSRatleast1fjets_bin9 = -nan +/- 1,prop_binMixSRatleast1fjets_bin9_In = -0.0333149,prop_binMerSR0fjets_bin0 = -0.127907 +/- 1,prop_binMerSR0fjets_bin0_In = -0.127907,prop_binMerSR0fjets_bin1 = -0.175613 +/- 1,prop_binMerSR0fjets_bin1_In = -0.175613,prop_binMerSR0fjets_bin2 = -0.14912 +/- 1,prop_binMerSR0fjets_bin2_In = -0.149108,prop_binMerSR0fjets_bin3 = -0.10529 +/- 1,prop_binMerSR0fjets_bin3_In = -0.10529,prop_binMerSR0fjets_bin4 = -0.153485 +/- 1,prop_binMerSR0fjets_bin4_In = -0.153485,prop_binMerSR0fjets_bin5 = -0.120752 +/- 1,prop_binMerSR0fjets_bin5_In = -0.120752,prop_binMerSR0fjets_bin6 = -0.11917 +/- 1,prop_binMerSR0fjets_bin6_In = -0.11917,prop_binMerSR0fjets_bin7 = -0.0700066 +/- 1,prop_binMerSR0fjets_bin7_In = -0.0700066,prop_binMerSR0fjets_bin8 = -0.149082 +/- 1,prop_binMerSR0fjets_bin8_In = -0.149082,prop_binMerSR0fjets_bin9 = -0.109423 +/- 1,prop_binMerSR0fjets_bin9_In = -0.109423,prop_binMerSR0fjets_bin10 = -0.102756 +/- 1,prop_binMerSR0fjets_bin10_In = -0.102756,prop_binMerSR0fjets_bin11 = -0.033121 +/- 1,prop_binMerSR0fjets_bin11_In = -0.033121,prop_binMerSR0fjets_bin12 = -0.0721867 +/- 1,prop_binMerSR0fjets_bin12_In = -0.0721867,prop_binMerSRatleast1fjets_bin0 = -0.320067 +/- 1,prop_binMerSRatleast1fjets_bin0_In = -0.32005,prop_binMerSRatleast1fjets_bin1 = -0.185332 +/- 1,prop_binMerSRatleast1fjets_bin1_In = -0.185275,prop_binMerSRatleast1fjets_bin2 = -0.191642 +/- 1,prop_binMerSRatleast1fjets_bin2_In = -0.191581,prop_binMerSRatleast1fjets_bin3 = -0.218994 +/- 1,prop_binMerSRatleast1fjets_bin3_In = -0.218908,prop_binMerSRatleast1fjets_bin4 = -0.152681 +/- 1,prop_binMerSRatleast1fjets_bin4_In = -0.152653,prop_binMerSRatleast1fjets_bin5 = -0.195449 +/- 1,prop_binMerSRatleast1fjets_bin5_In = -0.195449,prop_binMerSRatleast1fjets_bin6 = -0.112502 +/- 1,prop_binMerSRatleast1fjets_bin6_In = -0.112478,prop_binMerSRatleast1fjets_bin7 = -0.0825727 +/- 1,prop_binMerSRatleast1fjets_bin7_In = -0.0825727,prop_binMerSRatleast1fjets_bin8 = -0.176838 +/- 1,prop_binMerSRatleast1fjets_bin8_In = -0.176838,prop_binMerSRatleast1fjets_bin9 = -0.119205 +/- 1,prop_binMerSRatleast1fjets_bin9_In = -0.119205,prop_binMerSRatleast1fjets_bin10 = -0.0391236 +/- 1,prop_binMerSRatleast1fjets_bin10_In = -0.0391236,prop_binMerSRatleast1fjets_bin11 = -0.0111931 +/- 1,prop_binMerSRatleast1fjets_bin11_In = -0.0111931,prop_binMerSRatleast1fjets_bin12 = -0.0466547 +/- 1,prop_binMerSRatleast1fjets_bin12_In = -0.0466547,prop_binAH_bin0 = -0.0120022 +/- 1,prop_binAH_bin0_In = -0.0109186,prop_binAH_bin1 = -0.0300182 +/- 1,prop_binAH_bin1_In = -0.0286434,prop_binAH_bin2 = -0.029188 +/- 1,prop_binAH_bin2_In = -0.0277665,prop_binAH_bin3 = -0.0325866 +/- 1,prop_binAH_bin3_In = -0.0315457,prop_binAH_bin4 = -0.0192199 +/- 1,prop_binAH_bin4_In = -0.0186437,prop_binAH_bin5 = -0.0411327 +/- 1,prop_binAH_bin5_In = -0.0409303,prop_binAH_bin6 = -0.0475145 +/- 1,prop_binAH_bin6_In = -0.0473935,prop_binAH_bin7 = -0.0493508 +/- 1,prop_binAH_bin7_In = -0.0492391,prop_binAH_bin8 = -0.0368177 +/- 1,prop_binAH_bin8_In = -0.0367237,prop_binAH_bin9 = -0.0663718 +/- 1,prop_binAH_bin9_In = -0.0663212,prop_binAH_bin10 = -0.105709 +/- 1,prop_binAH_bin10_In = -0.105663,prop_binAH_bin11 = -0.0981824 +/- 1,prop_binAH_bin11_In = -0.0981594,prop_binAH_bin12 = -0.140838 +/- 1,prop_binAH_bin12_In = -0.140827,prop_binSL_bin0 = -0.00340718 +/- 1,prop_binSL_bin0_In = -0.00299018,prop_binSL_bin1 = -0.0112471 +/- 1,prop_binSL_bin1_In = -0.0110276,prop_binSL_bin2 = -0.0148014 +/- 1,prop_binSL_bin2_In = -0.0146286,prop_binSL_bin3 = -0.0257011 +/- 1,prop_binSL_bin3_In = -0.0255778,prop_binSL_bin4 = -0.0391009 +/- 1,prop_binSL_bin4_In = -0.0390298,prop_binSL_bin5 = -0.0373055 +/- 1,prop_binSL_bin5_In = -0.0372693,prop_binSL_bin6 = -0.0301684 +/- 1,prop_binSL_bin6_In = -0.0301458,prop_binSL_bin7 = -0.0678462 +/- 1,prop_binSL_bin7_In = -0.067837,prop_binSL_bin8 = -0.0478056 +/- 1,prop_binSL_bin8_In = -0.0477961,prop_binSL_bin9 = -0.0836993 +/- 1,prop_binSL_bin9_In = -0.0836853,prop_binSL_bin10 = -0.109236 +/- 1,prop_binSL_bin10_In = -0.109236,prop_binSL_bin11 = -0.054147 +/- 1,prop_binSL_bin11_In = -0.0541468,prop_binSL_bin12 = -0.156153 +/- 1,prop_binSL_bin12_In = -0.156153,prop_binAH1lWR_bin0 = 7 +/- 1,prop_binAH1lWR_bin0_In = 7,prop_binAH1lWR_bin1 = 7 +/- 1,prop_binAH1lWR_bin1_In = 7,prop_binAH1lWR_bin2 = 7 +/- 1,prop_binAH1lWR_bin2_In = 7,prop_binAH1lWR_bin3 = 7 +/- 1,prop_binAH1lWR_bin3_In = 7,prop_binAH1lWR_bin4 = 7 +/- 1,prop_binAH1lWR_bin4_In = 7,prop_binAH1lWR_bin5 = 7 +/- 1,prop_binAH1lWR_bin5_In = 7,prop_binAH1lWR_bin6 = 7 +/- 1,prop_binAH1lWR_bin6_In = 7,prop_binAH1lWR_bin7 = 7 +/- 1,prop_binAH1lWR_bin7_In = 7,prop_binAH1lWR_bin8 = 7 +/- 1,prop_binAH1lWR_bin8_In = 7,prop_binAH1lWR_bin9 = 7 +/- 1,prop_binAH1lWR_bin9_In = 7,prop_binAH1lWR_bin10 = 6.56728 +/- 1,prop_binAH1lWR_bin10_In = 6.56062,prop_binAH1lWR_bin11 = 2.81275 +/- 1,prop_binAH1lWR_bin11_In = 2.80986,prop_binAH1lWR_bin12 = 3.90079 +/- 1,prop_binAH1lWR_bin12_In = 3.89679,prop_binAH0lZR_bin0 = -0.0256449 +/- 1,prop_binAH0lZR_bin0_In = -0.0256302,prop_binAH0lZR_bin1 = -0.0405315 +/- 1,prop_binAH0lZR_bin1_In = -0.0405029,prop_binAH0lZR_bin2 = -0.0223499 +/- 1,prop_binAH0lZR_bin2_In = -0.0223185,prop_binAH0lZR_bin3 = -0.0189919 +/- 1,prop_binAH0lZR_bin3_In = -0.0189429,prop_binAH0lZR_bin4 = -0.0477187 +/- 1,prop_binAH0lZR_bin4_In = -0.0476957,prop_binAH0lZR_bin5 = -0.0276122 +/- 1,prop_binAH0lZR_bin5_In = -0.027593,prop_binAH0lZR_bin6 = -0.0615962 +/- 1,prop_binAH0lZR_bin6_In = -0.0615962,prop_binAH0lZR_bin7 = -0.081807 +/- 1,prop_binAH0lZR_bin7_In = -0.0818071,prop_binAH0lZR_bin8 = -0.068522 +/- 1,prop_binAH0lZR_bin8_In = -0.0685221,prop_binAH0lZR_bin9 = -0.0431377 +/- 1,prop_binAH0lZR_bin9_In = -0.0431377,prop_binAH0lZR_bin10 = -0.0615338 +/- 1,prop_binAH0lZR_bin10_In = -0.0615338,prop_binAH0lZR_bin11 = -0.184179 +/- 1,prop_binAH0lZR_bin11_In = -0.184179,prop_binAH0lZR_bin12 = -0.139623 +/- 1,prop_binAH0lZR_bin12_In = -0.139623,ONE = 1,r = 0.015625 +/- 0,WJets_norm = 1 +/- 0,ZJets_norm = 1 +/- 0), catParams=()
WARNING: underflow to -nan in pdf_binMixSRatleast1fjets_obsOnly for bin 0, weight -nan
[#0] ERROR:Eval -- RooAbsReal::logEvalError(MixSRatleast1fjets) evaluation error, 
 origin       : RooAbsReal::MixSRatleast1fjets[ params=(ONE,jer,jesTotal,luminosity,prop_binMixSRatleast1fjets_bin0,prop_binMixSRatleast1fjets_bin1,prop_binMixSRatleast1fjets_bin2,prop_binMixSRatleast1fjets_bin3,prop_binMixSRatleast1fjets_bin4,prop_binMixSRatleast1fjets_bin5,prop_binMixSRatleast1fjets_bin6,prop_binMixSRatleast1fjets_bin7,prop_binMixSRatleast1fjets_bin8,prop_binMixSRatleast1fjets_bin9,pu,r) catParams=() ]
 message      : Number of events is negative or error
 server values: params=(ONE = 1,jer = 0 +/- 0,jesTotal = 0 +/- 0,luminosity = 0 +/- 0,prop_binMixSRatleast1fjets_bin0 = -nan +/- 1,prop_binMixSRatleast1fjets_bin1 = -nan +/- 1,prop_binMixSRatleast1fjets_bin2 = -nan +/- 1,prop_binMixSRatleast1fjets_bin3 = -nan +/- 1,prop_binMixSRatleast1fjets_bin4 = -nan +/- 1,prop_binMixSRatleast1fjets_bin5 = -nan +/- 1,prop_binMixSRatleast1fjets_bin6 = -nan +/- 1,prop_binMixSRatleast1fjets_bin7 = -nan +/- 1,prop_binMixSRatleast1fjets_bin8 = -nan +/- 1,prop_binMixSRatleast1fjets_bin9 = -nan +/- 1,pu = 0 +/- 0,r = 0.0078125 +/- 0), catParams=()
FASTEXIT from pdf_binMixSRatleast1fjets_obsOnly
[#0] ERROR:Eval -- RooAbsReal::logEvalError() evaluation error, 
 origin       : RooAbsReal::[ params=(jer,jer_In,jesTotal,jesTotal_In,luminosity,luminosity_In,pu,pu_In,prop_binMixSR0fjets_bin0,prop_binMixSR0fjets_bin0_In,prop_binMixSR0fjets_bin1,prop_binMixSR0fjets_bin1_In,prop_binMixSR0fjets_bin2,prop_binMixSR0fjets_bin2_In,prop_binMixSR0fjets_bin3,prop_binMixSR0fjets_bin3_In,prop_binMixSR0fjets_bin4,prop_binMixSR0fjets_bin4_In,prop_binMixSR0fjets_bin5,prop_binMixSR0fjets_bin5_In,prop_binMixSR0fjets_bin6,prop_binMixSR0fjets_bin6_In,prop_binMixSR0fjets_bin7,prop_binMixSR0fjets_bin7_In,prop_binMixSR0fjets_bin8,prop_binMixSR0fjets_bin8_In,prop_binMixSR0fjets_bin9,prop_binMixSR0fjets_bin9_In,prop_binMixSRatleast1fjets_bin0,prop_binMixSRatleast1fjets_bin0_In,prop_binMixSRatleast1fjets_bin1,prop_binMixSRatleast1fjets_bin1_In,prop_binMixSRatleast1fjets_bin2,prop_binMixSRatleast1fjets_bin2_In,prop_binMixSRatleast1fjets_bin3,prop_binMixSRatleast1fjets_bin3_In,prop_binMixSRatleast1fjets_bin4,prop_binMixSRatleast1fjets_bin4_In,prop_binMixSRatleast1fjets_bin5,prop_binMixSRatleast1fjets_bin5_In,prop_binMixSRatleast1fjets_bin6,prop_binMixSRatleast1fjets_bin6_In,prop_binMixSRatleast1fjets_bin7,prop_binMixSRatleast1fjets_bin7_In,prop_binMixSRatleast1fjets_bin8,prop_binMixSRatleast1fjets_bin8_In,prop_binMixSRatleast1fjets_bin9,prop_binMixSRatleast1fjets_bin9_In,prop_binMerSR0fjets_bin0,prop_binMerSR0fjets_bin0_In,prop_binMerSR0fjets_bin1,prop_binMerSR0fjets_bin1_In,prop_binMerSR0fjets_bin2,prop_binMerSR0fjets_bin2_In,prop_binMerSR0fjets_bin3,prop_binMerSR0fjets_bin3_In,prop_binMerSR0fjets_bin4,prop_binMerSR0fjets_bin4_In,prop_binMerSR0fjets_bin5,prop_binMerSR0fjets_bin5_In,prop_binMerSR0fjets_bin6,prop_binMerSR0fjets_bin6_In,prop_binMerSR0fjets_bin7,prop_binMerSR0fjets_bin7_In,prop_binMerSR0fjets_bin8,prop_binMerSR0fjets_bin8_In,prop_binMerSR0fjets_bin9,prop_binMerSR0fjets_bin9_In,prop_binMerSR0fjets_bin10,prop_binMerSR0fjets_bin10_In,prop_binMerSR0fjets_bin11,prop_binMerSR0fjets_bin11_In,prop_binMerSR0fjets_bin12,prop_binMerSR0fjets_bin12_In,prop_binMerSRatleast1fjets_bin0,prop_binMerSRatleast1fjets_bin0_In,prop_binMerSRatleast1fjets_bin1,prop_binMerSRatleast1fjets_bin1_In,prop_binMerSRatleast1fjets_bin2,prop_binMerSRatleast1fjets_bin2_In,prop_binMerSRatleast1fjets_bin3,prop_binMerSRatleast1fjets_bin3_In,prop_binMerSRatleast1fjets_bin4,prop_binMerSRatleast1fjets_bin4_In,prop_binMerSRatleast1fjets_bin5,prop_binMerSRatleast1fjets_bin5_In,prop_binMerSRatleast1fjets_bin6,prop_binMerSRatleast1fjets_bin6_In,prop_binMerSRatleast1fjets_bin7,prop_binMerSRatleast1fjets_bin7_In,prop_binMerSRatleast1fjets_bin8,prop_binMerSRatleast1fjets_bin8_In,prop_binMerSRatleast1fjets_bin9,prop_binMerSRatleast1fjets_bin9_In,prop_binMerSRatleast1fjets_bin10,prop_binMerSRatleast1fjets_bin10_In,prop_binMerSRatleast1fjets_bin11,prop_binMerSRatleast1fjets_bin11_In,prop_binMerSRatleast1fjets_bin12,prop_binMerSRatleast1fjets_bin12_In,prop_binAH_bin0,prop_binAH_bin0_In,prop_binAH_bin1,prop_binAH_bin1_In,prop_binAH_bin2,prop_binAH_bin2_In,prop_binAH_bin3,prop_binAH_bin3_In,prop_binAH_bin4,prop_binAH_bin4_In,prop_binAH_bin5,prop_binAH_bin5_In,prop_binAH_bin6,prop_binAH_bin6_In,prop_binAH_bin7,prop_binAH_bin7_In,prop_binAH_bin8,prop_binAH_bin8_In,prop_binAH_bin9,prop_binAH_bin9_In,prop_binAH_bin10,prop_binAH_bin10_In,prop_binAH_bin11,prop_binAH_bin11_In,prop_binAH_bin12,prop_binAH_bin12_In,prop_binSL_bin0,prop_binSL_bin0_In,prop_binSL_bin1,prop_binSL_bin1_In,prop_binSL_bin2,prop_binSL_bin2_In,prop_binSL_bin3,prop_binSL_bin3_In,prop_binSL_bin4,prop_binSL_bin4_In,prop_binSL_bin5,prop_binSL_bin5_In,prop_binSL_bin6,prop_binSL_bin6_In,prop_binSL_bin7,prop_binSL_bin7_In,prop_binSL_bin8,prop_binSL_bin8_In,prop_binSL_bin9,prop_binSL_bin9_In,prop_binSL_bin10,prop_binSL_bin10_In,prop_binSL_bin11,prop_binSL_bin11_In,prop_binSL_bin12,prop_binSL_bin12_In,prop_binAH1lWR_bin0,prop_binAH1lWR_bin0_In,prop_binAH1lWR_bin1,prop_binAH1lWR_bin1_In,prop_binAH1lWR_bin2,prop_binAH1lWR_bin2_In,prop_binAH1lWR_bin3,prop_binAH1lWR_bin3_In,prop_binAH1lWR_bin4,prop_binAH1lWR_bin4_In,prop_binAH1lWR_bin5,prop_binAH1lWR_bin5_In,prop_binAH1lWR_bin6,prop_binAH1lWR_bin6_In,prop_binAH1lWR_bin7,prop_binAH1lWR_bin7_In,prop_binAH1lWR_bin8,prop_binAH1lWR_bin8_In,prop_binAH1lWR_bin9,prop_binAH1lWR_bin9_In,prop_binAH1lWR_bin10,prop_binAH1lWR_bin10_In,prop_binAH1lWR_bin11,prop_binAH1lWR_bin11_In,prop_binAH1lWR_bin12,prop_binAH1lWR_bin12_In,prop_binAH0lZR_bin0,prop_binAH0lZR_bin0_In,prop_binAH0lZR_bin1,prop_binAH0lZR_bin1_In,prop_binAH0lZR_bin2,prop_binAH0lZR_bin2_In,prop_binAH0lZR_bin3,prop_binAH0lZR_bin3_In,prop_binAH0lZR_bin4,prop_binAH0lZR_bin4_In,prop_binAH0lZR_bin5,prop_binAH0lZR_bin5_In,prop_binAH0lZR_bin6,prop_binAH0lZR_bin6_In,prop_binAH0lZR_bin7,prop_binAH0lZR_bin7_In,prop_binAH0lZR_bin8,prop_binAH0lZR_bin8_In,prop_binAH0lZR_bin9,prop_binAH0lZR_bin9_In,prop_binAH0lZR_bin10,prop_binAH0lZR_bin10_In,prop_binAH0lZR_bin11,prop_binAH0lZR_bin11_In,prop_binAH0lZR_bin12,prop_binAH0lZR_bin12_In,ONE,r,WJets_norm,ZJets_norm) catParams=() ]
 message      : function value is NAN
 server values: params=(jer = 0 +/- 0,jer_In = 0,jesTotal = 0 +/- 0,jesTotal_In = 0,luminosity = 0 +/- 0,luminosity_In = 0,pu = 0 +/- 0,pu_In = 0,prop_binMixSR0fjets_bin0 = -0.0788628 +/- 1,prop_binMixSR0fjets_bin0_In = -0.0788549,prop_binMixSR0fjets_bin1 = -0.19392 +/- 1,prop_binMixSR0fjets_bin1_In = -0.193882,prop_binMixSR0fjets_bin2 = -0.412965 +/- 1,prop_binMixSR0fjets_bin2_In = -0.412919,prop_binMixSR0fjets_bin3 = -0.486535 +/- 1,prop_binMixSR0fjets_bin3_In = -0.486507,prop_binMixSR0fjets_bin4 = -0.439597 +/- 1,prop_binMixSR0fjets_bin4_In = -0.439597,prop_binMixSR0fjets_bin5 = -0.258363 +/- 1,prop_binMixSR0fjets_bin5_In = -0.258363,prop_binMixSR0fjets_bin6 = -0.0947715 +/- 1,prop_binMixSR0fjets_bin6_In = -0.0947715,prop_binMixSR0fjets_bin7 = -0.0868181 +/- 1,prop_binMixSR0fjets_bin7_In = -0.0868181,prop_binMixSR0fjets_bin8 = -0.0191154 +/- 1,prop_binMixSR0fjets_bin8_In = -0.0191154,prop_binMixSR0fjets_bin9 = -0.0232623 +/- 1,prop_binMixSR0fjets_bin9_In = -0.0232623,prop_binMixSRatleast1fjets_bin0 = -nan +/- 1,prop_binMixSRatleast1fjets_bin0_In = -0.125907,prop_binMixSRatleast1fjets_bin1 = -nan +/- 1,prop_binMixSRatleast1fjets_bin1_In = -0.0540419,prop_binMixSRatleast1fjets_bin2 = -nan +/- 1,prop_binMixSRatleast1fjets_bin2_In = -0.305233,prop_binMixSRatleast1fjets_bin3 = -nan +/- 1,prop_binMixSRatleast1fjets_bin3_In = -0.152606,prop_binMixSRatleast1fjets_bin4 = -nan +/- 1,prop_binMixSRatleast1fjets_bin4_In = -nan,prop_binMixSRatleast1fjets_bin5 = -nan +/- 1,prop_binMixSRatleast1fjets_bin5_In = -0.162581,prop_binMixSRatleast1fjets_bin6 = -nan +/- 1,prop_binMixSRatleast1fjets_bin6_In = -0.167271,prop_binMixSRatleast1fjets_bin7 = -nan +/- 1,prop_binMixSRatleast1fjets_bin7_In = -0.0948839,prop_binMixSRatleast1fjets_bin8 = -nan +/- 1,prop_binMixSRatleast1fjets_bin8_In = -0.126265,prop_binMixSRatleast1fjets_bin9 = -nan +/- 1,prop_binMixSRatleast1fjets_bin9_In = -0.0333149,prop_binMerSR0fjets_bin0 = -0.127907 +/- 1,prop_binMerSR0fjets_bin0_In = -0.127907,prop_binMerSR0fjets_bin1 = -0.175613 +/- 1,prop_binMerSR0fjets_bin1_In = -0.175613,prop_binMerSR0fjets_bin2 = -0.149114 +/- 1,prop_binMerSR0fjets_bin2_In = -0.149108,prop_binMerSR0fjets_bin3 = -0.10529 +/- 1,prop_binMerSR0fjets_bin3_In = -0.10529,prop_binMerSR0fjets_bin4 = -0.153485 +/- 1,prop_binMerSR0fjets_bin4_In = -0.153485,prop_binMerSR0fjets_bin5 = -0.120752 +/- 1,prop_binMerSR0fjets_bin5_In = -0.120752,prop_binMerSR0fjets_bin6 = -0.11917 +/- 1,prop_binMerSR0fjets_bin6_In = -0.11917,prop_binMerSR0fjets_bin7 = -0.0700066 +/- 1,prop_binMerSR0fjets_bin7_In = -0.0700066,prop_binMerSR0fjets_bin8 = -0.149082 +/- 1,prop_binMerSR0fjets_bin8_In = -0.149082,prop_binMerSR0fjets_bin9 = -0.109423 +/- 1,prop_binMerSR0fjets_bin9_In = -0.109423,prop_binMerSR0fjets_bin10 = -0.102756 +/- 1,prop_binMerSR0fjets_bin10_In = -0.102756,prop_binMerSR0fjets_bin11 = -0.033121 +/- 1,prop_binMerSR0fjets_bin11_In = -0.033121,prop_binMerSR0fjets_bin12 = -0.0721867 +/- 1,prop_binMerSR0fjets_bin12_In = -0.0721867,prop_binMerSRatleast1fjets_bin0 = -0.320058 +/- 1,prop_binMerSRatleast1fjets_bin0_In = -0.32005,prop_binMerSRatleast1fjets_bin1 = -0.185303 +/- 1,prop_binMerSRatleast1fjets_bin1_In = -0.185275,prop_binMerSRatleast1fjets_bin2 = -0.191611 +/- 1,prop_binMerSRatleast1fjets_bin2_In = -0.191581,prop_binMerSRatleast1fjets_bin3 = -0.218951 +/- 1,prop_binMerSRatleast1fjets_bin3_In = -0.218908,prop_binMerSRatleast1fjets_bin4 = -0.152667 +/- 1,prop_binMerSRatleast1fjets_bin4_In = -0.152653,prop_binMerSRatleast1fjets_bin5 = -0.195449 +/- 1,prop_binMerSRatleast1fjets_bin5_In = -0.195449,prop_binMerSRatleast1fjets_bin6 = -0.11249 +/- 1,prop_binMerSRatleast1fjets_bin6_In = -0.112478,prop_binMerSRatleast1fjets_bin7 = -0.0825727 +/- 1,prop_binMerSRatleast1fjets_bin7_In = -0.0825727,prop_binMerSRatleast1fjets_bin8 = -0.176838 +/- 1,prop_binMerSRatleast1fjets_bin8_In = -0.176838,prop_binMerSRatleast1fjets_bin9 = -0.119205 +/- 1,prop_binMerSRatleast1fjets_bin9_In = -0.119205,prop_binMerSRatleast1fjets_bin10 = -0.0391236 +/- 1,prop_binMerSRatleast1fjets_bin10_In = -0.0391236,prop_binMerSRatleast1fjets_bin11 = -0.0111931 +/- 1,prop_binMerSRatleast1fjets_bin11_In = -0.0111931,prop_binMerSRatleast1fjets_bin12 = -0.0466547 +/- 1,prop_binMerSRatleast1fjets_bin12_In = -0.0466547,prop_binAH_bin0 = -0.0114611 +/- 1,prop_binAH_bin0_In = -0.0109186,prop_binAH_bin1 = -0.0293311 +/- 1,prop_binAH_bin1_In = -0.0286434,prop_binAH_bin2 = -0.0284774 +/- 1,prop_binAH_bin2_In = -0.0277665,prop_binAH_bin3 = -0.0320659 +/- 1,prop_binAH_bin3_In = -0.0315457,prop_binAH_bin4 = -0.0189318 +/- 1,prop_binAH_bin4_In = -0.0186437,prop_binAH_bin5 = -0.0410316 +/- 1,prop_binAH_bin5_In = -0.0409303,prop_binAH_bin6 = -0.0474541 +/- 1,prop_binAH_bin6_In = -0.0473935,prop_binAH_bin7 = -0.049295 +/- 1,prop_binAH_bin7_In = -0.0492391,prop_binAH_bin8 = -0.0367707 +/- 1,prop_binAH_bin8_In = -0.0367237,prop_binAH_bin9 = -0.0663465 +/- 1,prop_binAH_bin9_In = -0.0663212,prop_binAH_bin10 = -0.105686 +/- 1,prop_binAH_bin10_In = -0.105663,prop_binAH_bin11 = -0.0981709 +/- 1,prop_binAH_bin11_In = -0.0981594,prop_binAH_bin12 = -0.140833 +/- 1,prop_binAH_bin12_In = -0.140827,prop_binSL_bin0 = -0.00319361 +/- 1,prop_binSL_bin0_In = -0.00299018,prop_binSL_bin1 = -0.0111379 +/- 1,prop_binSL_bin1_In = -0.0110276,prop_binSL_bin2 = -0.0147156 +/- 1,prop_binSL_bin2_In = -0.0146286,prop_binSL_bin3 = -0.0256398 +/- 1,prop_binSL_bin3_In = -0.0255778,prop_binSL_bin4 = -0.0390661 +/- 1,prop_binSL_bin4_In = -0.0390298,prop_binSL_bin5 = -0.0372879 +/- 1,prop_binSL_bin5_In = -0.0372693,prop_binSL_bin6 = -0.0301575 +/- 1,prop_binSL_bin6_In = -0.0301458,prop_binSL_bin7 = -0.0678418 +/- 1,prop_binSL_bin7_In = -0.067837,prop_binSL_bin8 = -0.047801 +/- 1,prop_binSL_bin8_In = -0.0477961,prop_binSL_bin9 = -0.0836927 +/- 1,prop_binSL_bin9_In = -0.0836853,prop_binSL_bin10 = -0.109236 +/- 1,prop_binSL_bin10_In = -0.109236,prop_binSL_bin11 = -0.054147 +/- 1,prop_binSL_bin11_In = -0.0541468,prop_binSL_bin12 = -0.156153 +/- 1,prop_binSL_bin12_In = -0.156153,prop_binAH1lWR_bin0 = 7 +/- 1,prop_binAH1lWR_bin0_In = 7,prop_binAH1lWR_bin1 = 7 +/- 1,prop_binAH1lWR_bin1_In = 7,prop_binAH1lWR_bin2 = 7 +/- 1,prop_binAH1lWR_bin2_In = 7,prop_binAH1lWR_bin3 = 7 +/- 1,prop_binAH1lWR_bin3_In = 7,prop_binAH1lWR_bin4 = 7 +/- 1,prop_binAH1lWR_bin4_In = 7,prop_binAH1lWR_bin5 = 7 +/- 1,prop_binAH1lWR_bin5_In = 7,prop_binAH1lWR_bin6 = 7 +/- 1,prop_binAH1lWR_bin6_In = 7,prop_binAH1lWR_bin7 = 7 +/- 1,prop_binAH1lWR_bin7_In = 7,prop_binAH1lWR_bin8 = 7 +/- 1,prop_binAH1lWR_bin8_In = 7,prop_binAH1lWR_bin9 = 7 +/- 1,prop_binAH1lWR_bin9_In = 7,prop_binAH1lWR_bin10 = 6.56728 +/- 1,prop_binAH1lWR_bin10_In = 6.56062,prop_binAH1lWR_bin11 = 2.81275 +/- 1,prop_binAH1lWR_bin11_In = 2.80986,prop_binAH1lWR_bin12 = 3.90079 +/- 1,prop_binAH1lWR_bin12_In = 3.89679,prop_binAH0lZR_bin0 = -0.0256376 +/- 1,prop_binAH0lZR_bin0_In = -0.0256302,prop_binAH0lZR_bin1 = -0.0405173 +/- 1,prop_binAH0lZR_bin1_In = -0.0405029,prop_binAH0lZR_bin2 = -0.0223345 +/- 1,prop_binAH0lZR_bin2_In = -0.0223185,prop_binAH0lZR_bin3 = -0.0189673 +/- 1,prop_binAH0lZR_bin3_In = -0.0189429,prop_binAH0lZR_bin4 = -0.0477073 +/- 1,prop_binAH0lZR_bin4_In = -0.0476957,prop_binAH0lZR_bin5 = -0.0276026 +/- 1,prop_binAH0lZR_bin5_In = -0.027593,prop_binAH0lZR_bin6 = -0.0615962 +/- 1,prop_binAH0lZR_bin6_In = -0.0615962,prop_binAH0lZR_bin7 = -0.081807 +/- 1,prop_binAH0lZR_bin7_In = -0.0818071,prop_binAH0lZR_bin8 = -0.068522 +/- 1,prop_binAH0lZR_bin8_In = -0.0685221,prop_binAH0lZR_bin9 = -0.0431377 +/- 1,prop_binAH0lZR_bin9_In = -0.0431377,prop_binAH0lZR_bin10 = -0.0615338 +/- 1,prop_binAH0lZR_bin10_In = -0.0615338,prop_binAH0lZR_bin11 = -0.184179 +/- 1,prop_binAH0lZR_bin11_In = -0.184179,prop_binAH0lZR_bin12 = -0.139623 +/- 1,prop_binAH0lZR_bin12_In = -0.139623,ONE = 1,r = 0.0078125 +/- 0,WJets_norm = 1 +/- 0,ZJets_norm = 1 +/- 0), catParams=()
WARNING: underflow to -nan in pdf_binMixSRatleast1fjets_obsOnly for bin 0, weight -nan
[#0] ERROR:Eval -- RooAbsReal::logEvalError(MixSRatleast1fjets) evaluation error, 
 origin       : RooAbsReal::MixSRatleast1fjets[ params=(ONE,jer,jesTotal,luminosity,prop_binMixSRatleast1fjets_bin0,prop_binMixSRatleast1fjets_bin1,prop_binMixSRatleast1fjets_bin2,prop_binMixSRatleast1fjets_bin3,prop_binMixSRatleast1fjets_bin4,prop_binMixSRatleast1fjets_bin5,prop_binMixSRatleast1fjets_bin6,prop_binMixSRatleast1fjets_bin7,prop_binMixSRatleast1fjets_bin8,prop_binMixSRatleast1fjets_bin9,pu,r) catParams=() ]
 message      : Number of events is negative or error
 server values: params=(ONE = 1,jer = 0 +/- 0,jesTotal = 0 +/- 0,luminosity = 0 +/- 0,prop_binMixSRatleast1fjets_bin0 = -nan +/- 1,prop_binMixSRatleast1fjets_bin1 = -nan +/- 1,prop_binMixSRatleast1fjets_bin2 = -nan +/- 1,prop_binMixSRatleast1fjets_bin3 = -nan +/- 1,prop_binMixSRatleast1fjets_bin4 = -nan +/- 1,prop_binMixSRatleast1fjets_bin5 = -nan +/- 1,prop_binMixSRatleast1fjets_bin6 = -nan +/- 1,prop_binMixSRatleast1fjets_bin7 = -nan +/- 1,prop_binMixSRatleast1fjets_bin8 = -nan +/- 1,prop_binMixSRatleast1fjets_bin9 = -nan +/- 1,pu = 0 +/- 0,r = 0.00390625 +/- 0), catParams=()
FASTEXIT from pdf_binMixSRatleast1fjets_obsOnly
[#0] ERROR:Eval -- RooAbsReal::logEvalError() evaluation error, 
 origin       : RooAbsReal::[ params=(jer,jer_In,jesTotal,jesTotal_In,luminosity,luminosity_In,pu,pu_In,prop_binMixSR0fjets_bin0,prop_binMixSR0fjets_bin0_In,prop_binMixSR0fjets_bin1,prop_binMixSR0fjets_bin1_In,prop_binMixSR0fjets_bin2,prop_binMixSR0fjets_bin2_In,prop_binMixSR0fjets_bin3,prop_binMixSR0fjets_bin3_In,prop_binMixSR0fjets_bin4,prop_binMixSR0fjets_bin4_In,prop_binMixSR0fjets_bin5,prop_binMixSR0fjets_bin5_In,prop_binMixSR0fjets_bin6,prop_binMixSR0fjets_bin6_In,prop_binMixSR0fjets_bin7,prop_binMixSR0fjets_bin7_In,prop_binMixSR0fjets_bin8,prop_binMixSR0fjets_bin8_In,prop_binMixSR0fjets_bin9,prop_binMixSR0fjets_bin9_In,prop_binMixSRatleast1fjets_bin0,prop_binMixSRatleast1fjets_bin0_In,prop_binMixSRatleast1fjets_bin1,prop_binMixSRatleast1fjets_bin1_In,prop_binMixSRatleast1fjets_bin2,prop_binMixSRatleast1fjets_bin2_In,prop_binMixSRatleast1fjets_bin3,prop_binMixSRatleast1fjets_bin3_In,prop_binMixSRatleast1fjets_bin4,prop_binMixSRatleast1fjets_bin4_In,prop_binMixSRatleast1fjets_bin5,prop_binMixSRatleast1fjets_bin5_In,prop_binMixSRatleast1fjets_bin6,prop_binMixSRatleast1fjets_bin6_In,prop_binMixSRatleast1fjets_bin7,prop_binMixSRatleast1fjets_bin7_In,prop_binMixSRatleast1fjets_bin8,prop_binMixSRatleast1fjets_bin8_In,prop_binMixSRatleast1fjets_bin9,prop_binMixSRatleast1fjets_bin9_In,prop_binMerSR0fjets_bin0,prop_binMerSR0fjets_bin0_In,prop_binMerSR0fjets_bin1,prop_binMerSR0fjets_bin1_In,prop_binMerSR0fjets_bin2,prop_binMerSR0fjets_bin2_In,prop_binMerSR0fjets_bin3,prop_binMerSR0fjets_bin3_In,prop_binMerSR0fjets_bin4,prop_binMerSR0fjets_bin4_In,prop_binMerSR0fjets_bin5,prop_binMerSR0fjets_bin5_In,prop_binMerSR0fjets_bin6,prop_binMerSR0fjets_bin6_In,prop_binMerSR0fjets_bin7,prop_binMerSR0fjets_bin7_In,prop_binMerSR0fjets_bin8,prop_binMerSR0fjets_bin8_In,prop_binMerSR0fjets_bin9,prop_binMerSR0fjets_bin9_In,prop_binMerSR0fjets_bin10,prop_binMerSR0fjets_bin10_In,prop_binMerSR0fjets_bin11,prop_binMerSR0fjets_bin11_In,prop_binMerSR0fjets_bin12,prop_binMerSR0fjets_bin12_In,prop_binMerSRatleast1fjets_bin0,prop_binMerSRatleast1fjets_bin0_In,prop_binMerSRatleast1fjets_bin1,prop_binMerSRatleast1fjets_bin1_In,prop_binMerSRatleast1fjets_bin2,prop_binMerSRatleast1fjets_bin2_In,prop_binMerSRatleast1fjets_bin3,prop_binMerSRatleast1fjets_bin3_In,prop_binMerSRatleast1fjets_bin4,prop_binMerSRatleast1fjets_bin4_In,prop_binMerSRatleast1fjets_bin5,prop_binMerSRatleast1fjets_bin5_In,prop_binMerSRatleast1fjets_bin6,prop_binMerSRatleast1fjets_bin6_In,prop_binMerSRatleast1fjets_bin7,prop_binMerSRatleast1fjets_bin7_In,prop_binMerSRatleast1fjets_bin8,prop_binMerSRatleast1fjets_bin8_In,prop_binMerSRatleast1fjets_bin9,prop_binMerSRatleast1fjets_bin9_In,prop_binMerSRatleast1fjets_bin10,prop_binMerSRatleast1fjets_bin10_In,prop_binMerSRatleast1fjets_bin11,prop_binMerSRatleast1fjets_bin11_In,prop_binMerSRatleast1fjets_bin12,prop_binMerSRatleast1fjets_bin12_In,prop_binAH_bin0,prop_binAH_bin0_In,prop_binAH_bin1,prop_binAH_bin1_In,prop_binAH_bin2,prop_binAH_bin2_In,prop_binAH_bin3,prop_binAH_bin3_In,prop_binAH_bin4,prop_binAH_bin4_In,prop_binAH_bin5,prop_binAH_bin5_In,prop_binAH_bin6,prop_binAH_bin6_In,prop_binAH_bin7,prop_binAH_bin7_In,prop_binAH_bin8,prop_binAH_bin8_In,prop_binAH_bin9,prop_binAH_bin9_In,prop_binAH_bin10,prop_binAH_bin10_In,prop_binAH_bin11,prop_binAH_bin11_In,prop_binAH_bin12,prop_binAH_bin12_In,prop_binSL_bin0,prop_binSL_bin0_In,prop_binSL_bin1,prop_binSL_bin1_In,prop_binSL_bin2,prop_binSL_bin2_In,prop_binSL_bin3,prop_binSL_bin3_In,prop_binSL_bin4,prop_binSL_bin4_In,prop_binSL_bin5,prop_binSL_bin5_In,prop_binSL_bin6,prop_binSL_bin6_In,prop_binSL_bin7,prop_binSL_bin7_In,prop_binSL_bin8,prop_binSL_bin8_In,prop_binSL_bin9,prop_binSL_bin9_In,prop_binSL_bin10,prop_binSL_bin10_In,prop_binSL_bin11,prop_binSL_bin11_In,prop_binSL_bin12,prop_binSL_bin12_In,prop_binAH1lWR_bin0,prop_binAH1lWR_bin0_In,prop_binAH1lWR_bin1,prop_binAH1lWR_bin1_In,prop_binAH1lWR_bin2,prop_binAH1lWR_bin2_In,prop_binAH1lWR_bin3,prop_binAH1lWR_bin3_In,prop_binAH1lWR_bin4,prop_binAH1lWR_bin4_In,prop_binAH1lWR_bin5,prop_binAH1lWR_bin5_In,prop_binAH1lWR_bin6,prop_binAH1lWR_bin6_In,prop_binAH1lWR_bin7,prop_binAH1lWR_bin7_In,prop_binAH1lWR_bin8,prop_binAH1lWR_bin8_In,prop_binAH1lWR_bin9,prop_binAH1lWR_bin9_In,prop_binAH1lWR_bin10,prop_binAH1lWR_bin10_In,prop_binAH1lWR_bin11,prop_binAH1lWR_bin11_In,prop_binAH1lWR_bin12,prop_binAH1lWR_bin12_In,prop_binAH0lZR_bin0,prop_binAH0lZR_bin0_In,prop_binAH0lZR_bin1,prop_binAH0lZR_bin1_In,prop_binAH0lZR_bin2,prop_binAH0lZR_bin2_In,prop_binAH0lZR_bin3,prop_binAH0lZR_bin3_In,prop_binAH0lZR_bin4,prop_binAH0lZR_bin4_In,prop_binAH0lZR_bin5,prop_binAH0lZR_bin5_In,prop_binAH0lZR_bin6,prop_binAH0lZR_bin6_In,prop_binAH0lZR_bin7,prop_binAH0lZR_bin7_In,prop_binAH0lZR_bin8,prop_binAH0lZR_bin8_In,prop_binAH0lZR_bin9,prop_binAH0lZR_bin9_In,prop_binAH0lZR_bin10,prop_binAH0lZR_bin10_In,prop_binAH0lZR_bin11,prop_binAH0lZR_bin11_In,prop_binAH0lZR_bin12,prop_binAH0lZR_bin12_In,ONE,r,WJets_norm,ZJets_norm) catParams=() ]
 message      : function value is NAN
 server values: params=(jer = 0 +/- 0,jer_In = 0,jesTotal = 0 +/- 0,jesTotal_In = 0,luminosity = 0 +/- 0,luminosity_In = 0,pu = 0 +/- 0,pu_In = 0,prop_binMixSR0fjets_bin0 = -0.0788588 +/- 1,prop_binMixSR0fjets_bin0_In = -0.0788549,prop_binMixSR0fjets_bin1 = -0.193901 +/- 1,prop_binMixSR0fjets_bin1_In = -0.193882,prop_binMixSR0fjets_bin2 = -0.412942 +/- 1,prop_binMixSR0fjets_bin2_In = -0.412919,prop_binMixSR0fjets_bin3 = -0.486521 +/- 1,prop_binMixSR0fjets_bin3_In = -0.486507,prop_binMixSR0fjets_bin4 = -0.439597 +/- 1,prop_binMixSR0fjets_bin4_In = -0.439597,prop_binMixSR0fjets_bin5 = -0.258363 +/- 1,prop_binMixSR0fjets_bin5_In = -0.258363,prop_binMixSR0fjets_bin6 = -0.0947715 +/- 1,prop_binMixSR0fjets_bin6_In = -0.0947715,prop_binMixSR0fjets_bin7 = -0.0868181 +/- 1,prop_binMixSR0fjets_bin7_In = -0.0868181,prop_binMixSR0fjets_bin8 = -0.0191154 +/- 1,prop_binMixSR0fjets_bin8_In = -0.0191154,prop_binMixSR0fjets_bin9 = -0.0232623 +/- 1,prop_binMixSR0fjets_bin9_In = -0.0232623,prop_binMixSRatleast1fjets_bin0 = -nan +/- 1,prop_binMixSRatleast1fjets_bin0_In = -0.125907,prop_binMixSRatleast1fjets_bin1 = -nan +/- 1,prop_binMixSRatleast1fjets_bin1_In = -0.0540419,prop_binMixSRatleast1fjets_bin2 = -nan +/- 1,prop_binMixSRatleast1fjets_bin2_In = -0.305233,prop_binMixSRatleast1fjets_bin3 = -nan +/- 1,prop_binMixSRatleast1fjets_bin3_In = -0.152606,prop_binMixSRatleast1fjets_bin4 = -nan +/- 1,prop_binMixSRatleast1fjets_bin4_In = -nan,prop_binMixSRatleast1fjets_bin5 = -nan +/- 1,prop_binMixSRatleast1fjets_bin5_In = -0.162581,prop_binMixSRatleast1fjets_bin6 = -nan +/- 1,prop_binMixSRatleast1fjets_bin6_In = -0.167271,prop_binMixSRatleast1fjets_bin7 = -nan +/- 1,prop_binMixSRatleast1fjets_bin7_In = -0.0948839,prop_binMixSRatleast1fjets_bin8 = -nan +/- 1,prop_binMixSRatleast1fjets_bin8_In = -0.126265,prop_binMixSRatleast1fjets_bin9 = -nan +/- 1,prop_binMixSRatleast1fjets_bin9_In = -0.0333149,prop_binMerSR0fjets_bin0 = -0.127907 +/- 1,prop_binMerSR0fjets_bin0_In = -0.127907,prop_binMerSR0fjets_bin1 = -0.175613 +/- 1,prop_binMerSR0fjets_bin1_In = -0.175613,prop_binMerSR0fjets_bin2 = -0.149111 +/- 1,prop_binMerSR0fjets_bin2_In = -0.149108,prop_binMerSR0fjets_bin3 = -0.10529 +/- 1,prop_binMerSR0fjets_bin3_In = -0.10529,prop_binMerSR0fjets_bin4 = -0.153485 +/- 1,prop_binMerSR0fjets_bin4_In = -0.153485,prop_binMerSR0fjets_bin5 = -0.120752 +/- 1,prop_binMerSR0fjets_bin5_In = -0.120752,prop_binMerSR0fjets_bin6 = -0.11917 +/- 1,prop_binMerSR0fjets_bin6_In = -0.11917,prop_binMerSR0fjets_bin7 = -0.0700066 +/- 1,prop_binMerSR0fjets_bin7_In = -0.0700066,prop_binMerSR0fjets_bin8 = -0.149082 +/- 1,prop_binMerSR0fjets_bin8_In = -0.149082,prop_binMerSR0fjets_bin9 = -0.109423 +/- 1,prop_binMerSR0fjets_bin9_In = -0.109423,prop_binMerSR0fjets_bin10 = -0.102756 +/- 1,prop_binMerSR0fjets_bin10_In = -0.102756,prop_binMerSR0fjets_bin11 = -0.033121 +/- 1,prop_binMerSR0fjets_bin11_In = -0.033121,prop_binMerSR0fjets_bin12 = -0.0721867 +/- 1,prop_binMerSR0fjets_bin12_In = -0.0721867,prop_binMerSRatleast1fjets_bin0 = -0.320054 +/- 1,prop_binMerSRatleast1fjets_bin0_In = -0.32005,prop_binMerSRatleast1fjets_bin1 = -0.185289 +/- 1,prop_binMerSRatleast1fjets_bin1_In = -0.185275,prop_binMerSRatleast1fjets_bin2 = -0.191596 +/- 1,prop_binMerSRatleast1fjets_bin2_In = -0.191581,prop_binMerSRatleast1fjets_bin3 = -0.218929 +/- 1,prop_binMerSRatleast1fjets_bin3_In = -0.218908,prop_binMerSRatleast1fjets_bin4 = -0.15266 +/- 1,prop_binMerSRatleast1fjets_bin4_In = -0.152653,prop_binMerSRatleast1fjets_bin5 = -0.195449 +/- 1,prop_binMerSRatleast1fjets_bin5_In = -0.195449,prop_binMerSRatleast1fjets_bin6 = -0.112484 +/- 1,prop_binMerSRatleast1fjets_bin6_In = -0.112478,prop_binMerSRatleast1fjets_bin7 = -0.0825727 +/- 1,prop_binMerSRatleast1fjets_bin7_In = -0.0825727,prop_binMerSRatleast1fjets_bin8 = -0.176838 +/- 1,prop_binMerSRatleast1fjets_bin8_In = -0.176838,prop_binMerSRatleast1fjets_bin9 = -0.119205 +/- 1,prop_binMerSRatleast1fjets_bin9_In = -0.119205,prop_binMerSRatleast1fjets_bin10 = -0.0391236 +/- 1,prop_binMerSRatleast1fjets_bin10_In = -0.0391236,prop_binMerSRatleast1fjets_bin11 = -0.0111931 +/- 1,prop_binMerSRatleast1fjets_bin11_In = -0.0111931,prop_binMerSRatleast1fjets_bin12 = -0.0466547 +/- 1,prop_binMerSRatleast1fjets_bin12_In = -0.0466547,prop_binAH_bin0 = -0.0111905 +/- 1,prop_binAH_bin0_In = -0.0109186,prop_binAH_bin1 = -0.0289876 +/- 1,prop_binAH_bin1_In = -0.0286434,prop_binAH_bin2 = -0.0281222 +/- 1,prop_binAH_bin2_In = -0.0277665,prop_binAH_bin3 = -0.0318055 +/- 1,prop_binAH_bin3_In = -0.0315457,prop_binAH_bin4 = -0.0187877 +/- 1,prop_binAH_bin4_In = -0.0186437,prop_binAH_bin5 = -0.040981 +/- 1,prop_binAH_bin5_In = -0.0409303,prop_binAH_bin6 = -0.0474239 +/- 1,prop_binAH_bin6_In = -0.0473935,prop_binAH_bin7 = -0.0492671 +/- 1,prop_binAH_bin7_In = -0.0492391,prop_binAH_bin8 = -0.0367472 +/- 1,prop_binAH_bin8_In = -0.0367237,prop_binAH_bin9 = -0.0663339 +/- 1,prop_binAH_bin9_In = -0.0663212,prop_binAH_bin10 = -0.105675 +/- 1,prop_binAH_bin10_In = -0.105663,prop_binAH_bin11 = -0.0981651 +/- 1,prop_binAH_bin11_In = -0.0981594,prop_binAH_bin12 = -0.14083 +/- 1,prop_binAH_bin12_In = -0.140827,prop_binSL_bin0 = -0.00308682 +/- 1,prop_binSL_bin0_In = -0.00299018,prop_binSL_bin1 = -0.0110832 +/- 1,prop_binSL_bin1_In = -0.0110276,prop_binSL_bin2 = -0.0146727 +/- 1,prop_binSL_bin2_In = -0.0146286,prop_binSL_bin3 = -0.0256091 +/- 1,prop_binSL_bin3_In = -0.0255778,prop_binSL_bin4 = -0.0390487 +/- 1,prop_binSL_bin4_In = -0.0390298,prop_binSL_bin5 = -0.0372791 +/- 1,prop_binSL_bin5_In = -0.0372693,prop_binSL_bin6 = -0.030152 +/- 1,prop_binSL_bin6_In = -0.0301458,prop_binSL_bin7 = -0.0678396 +/- 1,prop_binSL_bin7_In = -0.067837,prop_binSL_bin8 = -0.0477987 +/- 1,prop_binSL_bin8_In = -0.0477961,prop_binSL_bin9 = -0.0836893 +/- 1,prop_binSL_bin9_In = -0.0836853,prop_binSL_bin10 = -0.109236 +/- 1,prop_binSL_bin10_In = -0.109236,prop_binSL_bin11 = -0.054147 +/- 1,prop_binSL_bin11_In = -0.0541468,prop_binSL_bin12 = -0.156153 +/- 1,prop_binSL_bin12_In = -0.156153,prop_binAH1lWR_bin0 = 7 +/- 1,prop_binAH1lWR_bin0_In = 7,prop_binAH1lWR_bin1 = 7 +/- 1,prop_binAH1lWR_bin1_In = 7,prop_binAH1lWR_bin2 = 7 +/- 1,prop_binAH1lWR_bin2_In = 7,prop_binAH1lWR_bin3 = 7 +/- 1,prop_binAH1lWR_bin3_In = 7,prop_binAH1lWR_bin4 = 7 +/- 1,prop_binAH1lWR_bin4_In = 7,prop_binAH1lWR_bin5 = 7 +/- 1,prop_binAH1lWR_bin5_In = 7,prop_binAH1lWR_bin6 = 7 +/- 1,prop_binAH1lWR_bin6_In = 7,prop_binAH1lWR_bin7 = 7 +/- 1,prop_binAH1lWR_bin7_In = 7,prop_binAH1lWR_bin8 = 7 +/- 1,prop_binAH1lWR_bin8_In = 7,prop_binAH1lWR_bin9 = 7 +/- 1,prop_binAH1lWR_bin9_In = 7,prop_binAH1lWR_bin10 = 6.56728 +/- 1,prop_binAH1lWR_bin10_In = 6.56062,prop_binAH1lWR_bin11 = 2.81275 +/- 1,prop_binAH1lWR_bin11_In = 2.80986,prop_binAH1lWR_bin12 = 3.90079 +/- 1,prop_binAH1lWR_bin12_In = 3.89679,prop_binAH0lZR_bin0 = -0.0256339 +/- 1,prop_binAH0lZR_bin0_In = -0.0256302,prop_binAH0lZR_bin1 = -0.0405102 +/- 1,prop_binAH0lZR_bin1_In = -0.0405029,prop_binAH0lZR_bin2 = -0.0223268 +/- 1,prop_binAH0lZR_bin2_In = -0.0223185,prop_binAH0lZR_bin3 = -0.018955 +/- 1,prop_binAH0lZR_bin3_In = -0.0189429,prop_binAH0lZR_bin4 = -0.0477016 +/- 1,prop_binAH0lZR_bin4_In = -0.0476957,prop_binAH0lZR_bin5 = -0.0275978 +/- 1,prop_binAH0lZR_bin5_In = -0.027593,prop_binAH0lZR_bin6 = -0.0615962 +/- 1,prop_binAH0lZR_bin6_In = -0.0615962,prop_binAH0lZR_bin7 = -0.081807 +/- 1,prop_binAH0lZR_bin7_In = -0.0818071,prop_binAH0lZR_bin8 = -0.068522 +/- 1,prop_binAH0lZR_bin8_In = -0.0685221,prop_binAH0lZR_bin9 = -0.0431377 +/- 1,prop_binAH0lZR_bin9_In = -0.0431377,prop_binAH0lZR_bin10 = -0.0615338 +/- 1,prop_binAH0lZR_bin10_In = -0.0615338,prop_binAH0lZR_bin11 = -0.184179 +/- 1,prop_binAH0lZR_bin11_In = -0.184179,prop_binAH0lZR_bin12 = -0.139623 +/- 1,prop_binAH0lZR_bin12_In = -0.139623,ONE = 1,r = 0.00390625 +/- 0,WJets_norm = 1 +/- 0,ZJets_norm = 1 +/- 0), catParams=()
WARNING: underflow to -nan in pdf_binMixSRatleast1fjets_obsOnly for bin 0, weight -nan
[#0] ERROR:Eval -- RooAbsReal::logEvalError(MixSRatleast1fjets) evaluation error, 
 origin       : RooAbsReal::MixSRatleast1fjets[ params=(ONE,jer,jesTotal,luminosity,prop_binMixSRatleast1fjets_bin0,prop_binMixSRatleast1fjets_bin1,prop_binMixSRatleast1fjets_bin2,prop_binMixSRatleast1fjets_bin3,prop_binMixSRatleast1fjets_bin4,prop_binMixSRatleast1fjets_bin5,prop_binMixSRatleast1fjets_bin6,prop_binMixSRatleast1fjets_bin7,prop_binMixSRatleast1fjets_bin8,prop_binMixSRatleast1fjets_bin9,pu,r) catParams=() ]
 message      : Number of events is negative or error
 server values: params=(ONE = 1,jer = 0 +/- 0,jesTotal = 0 +/- 0,luminosity = 0 +/- 0,prop_binMixSRatleast1fjets_bin0 = -nan +/- 1,prop_binMixSRatleast1fjets_bin1 = -nan +/- 1,prop_binMixSRatleast1fjets_bin2 = -nan +/- 1,prop_binMixSRatleast1fjets_bin3 = -nan +/- 1,prop_binMixSRatleast1fjets_bin4 = -nan +/- 1,prop_binMixSRatleast1fjets_bin5 = -nan +/- 1,prop_binMixSRatleast1fjets_bin6 = -nan +/- 1,prop_binMixSRatleast1fjets_bin7 = -nan +/- 1,prop_binMixSRatleast1fjets_bin8 = -nan +/- 1,prop_binMixSRatleast1fjets_bin9 = -nan +/- 1,pu = 0 +/- 0,r = 0.00195312 +/- 0), catParams=()
FASTEXIT from pdf_binMixSRatleast1fjets_obsOnly
[#0] ERROR:Eval -- RooAbsReal::logEvalError() evaluation error, 
 origin       : RooAbsReal::[ params=(jer,jer_In,jesTotal,jesTotal_In,luminosity,luminosity_In,pu,pu_In,prop_binMixSR0fjets_bin0,prop_binMixSR0fjets_bin0_In,prop_binMixSR0fjets_bin1,prop_binMixSR0fjets_bin1_In,prop_binMixSR0fjets_bin2,prop_binMixSR0fjets_bin2_In,prop_binMixSR0fjets_bin3,prop_binMixSR0fjets_bin3_In,prop_binMixSR0fjets_bin4,prop_binMixSR0fjets_bin4_In,prop_binMixSR0fjets_bin5,prop_binMixSR0fjets_bin5_In,prop_binMixSR0fjets_bin6,prop_binMixSR0fjets_bin6_In,prop_binMixSR0fjets_bin7,prop_binMixSR0fjets_bin7_In,prop_binMixSR0fjets_bin8,prop_binMixSR0fjets_bin8_In,prop_binMixSR0fjets_bin9,prop_binMixSR0fjets_bin9_In,prop_binMixSRatleast1fjets_bin0,prop_binMixSRatleast1fjets_bin0_In,prop_binMixSRatleast1fjets_bin1,prop_binMixSRatleast1fjets_bin1_In,prop_binMixSRatleast1fjets_bin2,prop_binMixSRatleast1fjets_bin2_In,prop_binMixSRatleast1fjets_bin3,prop_binMixSRatleast1fjets_bin3_In,prop_binMixSRatleast1fjets_bin4,prop_binMixSRatleast1fjets_bin4_In,prop_binMixSRatleast1fjets_bin5,prop_binMixSRatleast1fjets_bin5_In,prop_binMixSRatleast1fjets_bin6,prop_binMixSRatleast1fjets_bin6_In,prop_binMixSRatleast1fjets_bin7,prop_binMixSRatleast1fjets_bin7_In,prop_binMixSRatleast1fjets_bin8,prop_binMixSRatleast1fjets_bin8_In,prop_binMixSRatleast1fjets_bin9,prop_binMixSRatleast1fjets_bin9_In,prop_binMerSR0fjets_bin0,prop_binMerSR0fjets_bin0_In,prop_binMerSR0fjets_bin1,prop_binMerSR0fjets_bin1_In,prop_binMerSR0fjets_bin2,prop_binMerSR0fjets_bin2_In,prop_binMerSR0fjets_bin3,prop_binMerSR0fjets_bin3_In,prop_binMerSR0fjets_bin4,prop_binMerSR0fjets_bin4_In,prop_binMerSR0fjets_bin5,prop_binMerSR0fjets_bin5_In,prop_binMerSR0fjets_bin6,prop_binMerSR0fjets_bin6_In,prop_binMerSR0fjets_bin7,prop_binMerSR0fjets_bin7_In,prop_binMerSR0fjets_bin8,prop_binMerSR0fjets_bin8_In,prop_binMerSR0fjets_bin9,prop_binMerSR0fjets_bin9_In,prop_binMerSR0fjets_bin10,prop_binMerSR0fjets_bin10_In,prop_binMerSR0fjets_bin11,prop_binMerSR0fjets_bin11_In,prop_binMerSR0fjets_bin12,prop_binMerSR0fjets_bin12_In,prop_binMerSRatleast1fjets_bin0,prop_binMerSRatleast1fjets_bin0_In,prop_binMerSRatleast1fjets_bin1,prop_binMerSRatleast1fjets_bin1_In,prop_binMerSRatleast1fjets_bin2,prop_binMerSRatleast1fjets_bin2_In,prop_binMerSRatleast1fjets_bin3,prop_binMerSRatleast1fjets_bin3_In,prop_binMerSRatleast1fjets_bin4,prop_binMerSRatleast1fjets_bin4_In,prop_binMerSRatleast1fjets_bin5,prop_binMerSRatleast1fjets_bin5_In,prop_binMerSRatleast1fjets_bin6,prop_binMerSRatleast1fjets_bin6_In,prop_binMerSRatleast1fjets_bin7,prop_binMerSRatleast1fjets_bin7_In,prop_binMerSRatleast1fjets_bin8,prop_binMerSRatleast1fjets_bin8_In,prop_binMerSRatleast1fjets_bin9,prop_binMerSRatleast1fjets_bin9_In,prop_binMerSRatleast1fjets_bin10,prop_binMerSRatleast1fjets_bin10_In,prop_binMerSRatleast1fjets_bin11,prop_binMerSRatleast1fjets_bin11_In,prop_binMerSRatleast1fjets_bin12,prop_binMerSRatleast1fjets_bin12_In,prop_binAH_bin0,prop_binAH_bin0_In,prop_binAH_bin1,prop_binAH_bin1_In,prop_binAH_bin2,prop_binAH_bin2_In,prop_binAH_bin3,prop_binAH_bin3_In,prop_binAH_bin4,prop_binAH_bin4_In,prop_binAH_bin5,prop_binAH_bin5_In,prop_binAH_bin6,prop_binAH_bin6_In,prop_binAH_bin7,prop_binAH_bin7_In,prop_binAH_bin8,prop_binAH_bin8_In,prop_binAH_bin9,prop_binAH_bin9_In,prop_binAH_bin10,prop_binAH_bin10_In,prop_binAH_bin11,prop_binAH_bin11_In,prop_binAH_bin12,prop_binAH_bin12_In,prop_binSL_bin0,prop_binSL_bin0_In,prop_binSL_bin1,prop_binSL_bin1_In,prop_binSL_bin2,prop_binSL_bin2_In,prop_binSL_bin3,prop_binSL_bin3_In,prop_binSL_bin4,prop_binSL_bin4_In,prop_binSL_bin5,prop_binSL_bin5_In,prop_binSL_bin6,prop_binSL_bin6_In,prop_binSL_bin7,prop_binSL_bin7_In,prop_binSL_bin8,prop_binSL_bin8_In,prop_binSL_bin9,prop_binSL_bin9_In,prop_binSL_bin10,prop_binSL_bin10_In,prop_binSL_bin11,prop_binSL_bin11_In,prop_binSL_bin12,prop_binSL_bin12_In,prop_binAH1lWR_bin0,prop_binAH1lWR_bin0_In,prop_binAH1lWR_bin1,prop_binAH1lWR_bin1_In,prop_binAH1lWR_bin2,prop_binAH1lWR_bin2_In,prop_binAH1lWR_bin3,prop_binAH1lWR_bin3_In,prop_binAH1lWR_bin4,prop_binAH1lWR_bin4_In,prop_binAH1lWR_bin5,prop_binAH1lWR_bin5_In,prop_binAH1lWR_bin6,prop_binAH1lWR_bin6_In,prop_binAH1lWR_bin7,prop_binAH1lWR_bin7_In,prop_binAH1lWR_bin8,prop_binAH1lWR_bin8_In,prop_binAH1lWR_bin9,prop_binAH1lWR_bin9_In,prop_binAH1lWR_bin10,prop_binAH1lWR_bin10_In,prop_binAH1lWR_bin11,prop_binAH1lWR_bin11_In,prop_binAH1lWR_bin12,prop_binAH1lWR_bin12_In,prop_binAH0lZR_bin0,prop_binAH0lZR_bin0_In,prop_binAH0lZR_bin1,prop_binAH0lZR_bin1_In,prop_binAH0lZR_bin2,prop_binAH0lZR_bin2_In,prop_binAH0lZR_bin3,prop_binAH0lZR_bin3_In,prop_binAH0lZR_bin4,prop_binAH0lZR_bin4_In,prop_binAH0lZR_bin5,prop_binAH0lZR_bin5_In,prop_binAH0lZR_bin6,prop_binAH0lZR_bin6_In,prop_binAH0lZR_bin7,prop_binAH0lZR_bin7_In,prop_binAH0lZR_bin8,prop_binAH0lZR_bin8_In,prop_binAH0lZR_bin9,prop_binAH0lZR_bin9_In,prop_binAH0lZR_bin10,prop_binAH0lZR_bin10_In,prop_binAH0lZR_bin11,prop_binAH0lZR_bin11_In,prop_binAH0lZR_bin12,prop_binAH0lZR_bin12_In,ONE,r,WJets_norm,ZJets_norm) catParams=() ]
 message      : function value is NAN
 server values: params=(jer = 0 +/- 0,jer_In = 0,jesTotal = 0 +/- 0,jesTotal_In = 0,luminosity = 0 +/- 0,luminosity_In = 0,pu = 0 +/- 0,pu_In = 0,prop_binMixSR0fjets_bin0 = -0.0788568 +/- 1,prop_binMixSR0fjets_bin0_In = -0.0788549,prop_binMixSR0fjets_bin1 = -0.193892 +/- 1,prop_binMixSR0fjets_bin1_In = -0.193882,prop_binMixSR0fjets_bin2 = -0.41293 +/- 1,prop_binMixSR0fjets_bin2_In = -0.412919,prop_binMixSR0fjets_bin3 = -0.486514 +/- 1,prop_binMixSR0fjets_bin3_In = -0.486507,prop_binMixSR0fjets_bin4 = -0.439597 +/- 1,prop_binMixSR0fjets_bin4_In = -0.439597,prop_binMixSR0fjets_bin5 = -0.258363 +/- 1,prop_binMixSR0fjets_bin5_In = -0.258363,prop_binMixSR0fjets_bin6 = -0.0947715 +/- 1,prop_binMixSR0fjets_bin6_In = -0.0947715,prop_binMixSR0fjets_bin7 = -0.0868181 +/- 1,prop_binMixSR0fjets_bin7_In = -0.0868181,prop_binMixSR0fjets_bin8 = -0.0191154 +/- 1,prop_binMixSR0fjets_bin8_In = -0.0191154,prop_binMixSR0fjets_bin9 = -0.0232623 +/- 1,prop_binMixSR0fjets_bin9_In = -0.0232623,prop_binMixSRatleast1fjets_bin0 = -nan +/- 1,prop_binMixSRatleast1fjets_bin0_In = -0.125907,prop_binMixSRatleast1fjets_bin1 = -nan +/- 1,prop_binMixSRatleast1fjets_bin1_In = -0.0540419,prop_binMixSRatleast1fjets_bin2 = -nan +/- 1,prop_binMixSRatleast1fjets_bin2_In = -0.305233,prop_binMixSRatleast1fjets_bin3 = -nan +/- 1,prop_binMixSRatleast1fjets_bin3_In = -0.152606,prop_binMixSRatleast1fjets_bin4 = -nan +/- 1,prop_binMixSRatleast1fjets_bin4_In = -nan,prop_binMixSRatleast1fjets_bin5 = -nan +/- 1,prop_binMixSRatleast1fjets_bin5_In = -0.162581,prop_binMixSRatleast1fjets_bin6 = -nan +/- 1,prop_binMixSRatleast1fjets_bin6_In = -0.167271,prop_binMixSRatleast1fjets_bin7 = -nan +/- 1,prop_binMixSRatleast1fjets_bin7_In = -0.0948839,prop_binMixSRatleast1fjets_bin8 = -nan +/- 1,prop_binMixSRatleast1fjets_bin8_In = -0.126265,prop_binMixSRatleast1fjets_bin9 = -nan +/- 1,prop_binMixSRatleast1fjets_bin9_In = -0.0333149,prop_binMerSR0fjets_bin0 = -0.127907 +/- 1,prop_binMerSR0fjets_bin0_In = -0.127907,prop_binMerSR0fjets_bin1 = -0.175613 +/- 1,prop_binMerSR0fjets_bin1_In = -0.175613,prop_binMerSR0fjets_bin2 = -0.149109 +/- 1,prop_binMerSR0fjets_bin2_In = -0.149108,prop_binMerSR0fjets_bin3 = -0.10529 +/- 1,prop_binMerSR0fjets_bin3_In = -0.10529,prop_binMerSR0fjets_bin4 = -0.153485 +/- 1,prop_binMerSR0fjets_bin4_In = -0.153485,prop_binMerSR0fjets_bin5 = -0.120752 +/- 1,prop_binMerSR0fjets_bin5_In = -0.120752,prop_binMerSR0fjets_bin6 = -0.11917 +/- 1,prop_binMerSR0fjets_bin6_In = -0.11917,prop_binMerSR0fjets_bin7 = -0.0700066 +/- 1,prop_binMerSR0fjets_bin7_In = -0.0700066,prop_binMerSR0fjets_bin8 = -0.149082 +/- 1,prop_binMerSR0fjets_bin8_In = -0.149082,prop_binMerSR0fjets_bin9 = -0.109423 +/- 1,prop_binMerSR0fjets_bin9_In = -0.109423,prop_binMerSR0fjets_bin10 = -0.102756 +/- 1,prop_binMerSR0fjets_bin10_In = -0.102756,prop_binMerSR0fjets_bin11 = -0.033121 +/- 1,prop_binMerSR0fjets_bin11_In = -0.033121,prop_binMerSR0fjets_bin12 = -0.0721867 +/- 1,prop_binMerSR0fjets_bin12_In = -0.0721867,prop_binMerSRatleast1fjets_bin0 = -0.320052 +/- 1,prop_binMerSRatleast1fjets_bin0_In = -0.32005,prop_binMerSRatleast1fjets_bin1 = -0.185282 +/- 1,prop_binMerSRatleast1fjets_bin1_In = -0.185275,prop_binMerSRatleast1fjets_bin2 = -0.191589 +/- 1,prop_binMerSRatleast1fjets_bin2_In = -0.191581,prop_binMerSRatleast1fjets_bin3 = -0.218918 +/- 1,prop_binMerSRatleast1fjets_bin3_In = -0.218908,prop_binMerSRatleast1fjets_bin4 = -0.152657 +/- 1,prop_binMerSRatleast1fjets_bin4_In = -0.152653,prop_binMerSRatleast1fjets_bin5 = -0.195449 +/- 1,prop_binMerSRatleast1fjets_bin5_In = -0.195449,prop_binMerSRatleast1fjets_bin6 = -0.112481 +/- 1,prop_binMerSRatleast1fjets_bin6_In = -0.112478,prop_binMerSRatleast1fjets_bin7 = -0.0825727 +/- 1,prop_binMerSRatleast1fjets_bin7_In = -0.0825727,prop_binMerSRatleast1fjets_bin8 = -0.176838 +/- 1,prop_binMerSRatleast1fjets_bin8_In = -0.176838,prop_binMerSRatleast1fjets_bin9 = -0.119205 +/- 1,prop_binMerSRatleast1fjets_bin9_In = -0.119205,prop_binMerSRatleast1fjets_bin10 = -0.0391236 +/- 1,prop_binMerSRatleast1fjets_bin10_In = -0.0391236,prop_binMerSRatleast1fjets_bin11 = -0.0111931 +/- 1,prop_binMerSRatleast1fjets_bin11_In = -0.0111931,prop_binMerSRatleast1fjets_bin12 = -0.0466547 +/- 1,prop_binMerSRatleast1fjets_bin12_In = -0.0466547,prop_binAH_bin0 = -0.0110552 +/- 1,prop_binAH_bin0_In = -0.0109186,prop_binAH_bin1 = -0.0288158 +/- 1,prop_binAH_bin1_In = -0.0286434,prop_binAH_bin2 = -0.0279445 +/- 1,prop_binAH_bin2_In = -0.0277665,prop_binAH_bin3 = -0.0316753 +/- 1,prop_binAH_bin3_In = -0.0315457,prop_binAH_bin4 = -0.0187157 +/- 1,prop_binAH_bin4_In = -0.0186437,prop_binAH_bin5 = -0.0409558 +/- 1,prop_binAH_bin5_In = -0.0409303,prop_binAH_bin6 = -0.0474088 +/- 1,prop_binAH_bin6_In = -0.0473935,prop_binAH_bin7 = -0.0492532 +/- 1,prop_binAH_bin7_In = -0.0492391,prop_binAH_bin8 = -0.0367354 +/- 1,prop_binAH_bin8_In = -0.0367237,prop_binAH_bin9 = -0.0663276 +/- 1,prop_binAH_bin9_In = -0.0663212,prop_binAH_bin10 = -0.105669 +/- 1,prop_binAH_bin10_In = -0.105663,prop_binAH_bin11 = -0.0981622 +/- 1,prop_binAH_bin11_In = -0.0981594,prop_binAH_bin12 = -0.140829 +/- 1,prop_binAH_bin12_In = -0.140827,prop_binSL_bin0 = -0.00303342 +/- 1,prop_binSL_bin0_In = -0.00299018,prop_binSL_bin1 = -0.0110559 +/- 1,prop_binSL_bin1_In = -0.0110276,prop_binSL_bin2 = -0.0146513 +/- 1,prop_binSL_bin2_In = -0.0146286,prop_binSL_bin3 = -0.0255938 +/- 1,prop_binSL_bin3_In = -0.0255778,prop_binSL_bin4 = -0.03904 +/- 1,prop_binSL_bin4_In = -0.0390298,prop_binSL_bin5 = -0.0372747 +/- 1,prop_binSL_bin5_In = -0.0372693,prop_binSL_bin6 = -0.0301493 +/- 1,prop_binSL_bin6_In = -0.0301458,prop_binSL_bin7 = -0.0678385 +/- 1,prop_binSL_bin7_In = -0.067837,prop_binSL_bin8 = -0.0477976 +/- 1,prop_binSL_bin8_In = -0.0477961,prop_binSL_bin9 = -0.0836877 +/- 1,prop_binSL_bin9_In = -0.0836853,prop_binSL_bin10 = -0.109236 +/- 1,prop_binSL_bin10_In = -0.109236,prop_binSL_bin11 = -0.054147 +/- 1,prop_binSL_bin11_In = -0.0541468,prop_binSL_bin12 = -0.156153 +/- 1,prop_binSL_bin12_In = -0.156153,prop_binAH1lWR_bin0 = 7 +/- 1,prop_binAH1lWR_bin0_In = 7,prop_binAH1lWR_bin1 = 7 +/- 1,prop_binAH1lWR_bin1_In = 7,prop_binAH1lWR_bin2 = 7 +/- 1,prop_binAH1lWR_bin2_In = 7,prop_binAH1lWR_bin3 = 7 +/- 1,prop_binAH1lWR_bin3_In = 7,prop_binAH1lWR_bin4 = 7 +/- 1,prop_binAH1lWR_bin4_In = 7,prop_binAH1lWR_bin5 = 7 +/- 1,prop_binAH1lWR_bin5_In = 7,prop_binAH1lWR_bin6 = 7 +/- 1,prop_binAH1lWR_bin6_In = 7,prop_binAH1lWR_bin7 = 7 +/- 1,prop_binAH1lWR_bin7_In = 7,prop_binAH1lWR_bin8 = 7 +/- 1,prop_binAH1lWR_bin8_In = 7,prop_binAH1lWR_bin9 = 7 +/- 1,prop_binAH1lWR_bin9_In = 7,prop_binAH1lWR_bin10 = 6.56728 +/- 1,prop_binAH1lWR_bin10_In = 6.56062,prop_binAH1lWR_bin11 = 2.81275 +/- 1,prop_binAH1lWR_bin11_In = 2.80986,prop_binAH1lWR_bin12 = 3.90079 +/- 1,prop_binAH1lWR_bin12_In = 3.89679,prop_binAH0lZR_bin0 = -0.0256321 +/- 1,prop_binAH0lZR_bin0_In = -0.0256302,prop_binAH0lZR_bin1 = -0.0405066 +/- 1,prop_binAH0lZR_bin1_In = -0.0405029,prop_binAH0lZR_bin2 = -0.0223229 +/- 1,prop_binAH0lZR_bin2_In = -0.0223185,prop_binAH0lZR_bin3 = -0.0189488 +/- 1,prop_binAH0lZR_bin3_In = -0.0189429,prop_binAH0lZR_bin4 = -0.0476987 +/- 1,prop_binAH0lZR_bin4_In = -0.0476957,prop_binAH0lZR_bin5 = -0.0275953 +/- 1,prop_binAH0lZR_bin5_In = -0.027593,prop_binAH0lZR_bin6 = -0.0615962 +/- 1,prop_binAH0lZR_bin6_In = -0.0615962,prop_binAH0lZR_bin7 = -0.081807 +/- 1,prop_binAH0lZR_bin7_In = -0.0818071,prop_binAH0lZR_bin8 = -0.068522 +/- 1,prop_binAH0lZR_bin8_In = -0.0685221,prop_binAH0lZR_bin9 = -0.0431377 +/- 1,prop_binAH0lZR_bin9_In = -0.0431377,prop_binAH0lZR_bin10 = -0.0615338 +/- 1,prop_binAH0lZR_bin10_In = -0.0615338,prop_binAH0lZR_bin11 = -0.184179 +/- 1,prop_binAH0lZR_bin11_In = -0.184179,prop_binAH0lZR_bin12 = -0.139623 +/- 1,prop_binAH0lZR_bin12_In = -0.139623,ONE = 1,r = 0.00195312 +/- 0,WJets_norm = 1 +/- 0,ZJets_norm = 1 +/- 0), catParams=()
WARNING: underflow to -nan in pdf_binMixSRatleast1fjets_obsOnly for bin 0, weight -nan
[#0] ERROR:Eval -- RooAbsReal::logEvalError(MixSRatleast1fjets) evaluation error, 
 origin       : RooAbsReal::MixSRatleast1fjets[ params=(ONE,jer,jesTotal,luminosity,prop_binMixSRatleast1fjets_bin0,prop_binMixSRatleast1fjets_bin1,prop_binMixSRatleast1fjets_bin2,prop_binMixSRatleast1fjets_bin3,prop_binMixSRatleast1fjets_bin4,prop_binMixSRatleast1fjets_bin5,prop_binMixSRatleast1fjets_bin6,prop_binMixSRatleast1fjets_bin7,prop_binMixSRatleast1fjets_bin8,prop_binMixSRatleast1fjets_bin9,pu,r) catParams=() ]
 message      : Number of events is negative or error
 server values: params=(ONE = 1,jer = 0 +/- 0,jesTotal = 0 +/- 0,luminosity = 0 +/- 0,prop_binMixSRatleast1fjets_bin0 = -nan +/- 1,prop_binMixSRatleast1fjets_bin1 = -nan +/- 1,prop_binMixSRatleast1fjets_bin2 = -nan +/- 1,prop_binMixSRatleast1fjets_bin3 = -nan +/- 1,prop_binMixSRatleast1fjets_bin4 = -nan +/- 1,prop_binMixSRatleast1fjets_bin5 = -nan +/- 1,prop_binMixSRatleast1fjets_bin6 = -nan +/- 1,prop_binMixSRatleast1fjets_bin7 = -nan +/- 1,prop_binMixSRatleast1fjets_bin8 = -nan +/- 1,prop_binMixSRatleast1fjets_bin9 = -nan +/- 1,pu = 0 +/- 0,r = 0.000976562 +/- 0), catParams=()
FASTEXIT from pdf_binMixSRatleast1fjets_obsOnly
[#0] ERROR:Eval -- RooAbsReal::logEvalError() evaluation error, 
 origin       : RooAbsReal::[ params=(jer,jer_In,jesTotal,jesTotal_In,luminosity,luminosity_In,pu,pu_In,prop_binMixSR0fjets_bin0,prop_binMixSR0fjets_bin0_In,prop_binMixSR0fjets_bin1,prop_binMixSR0fjets_bin1_In,prop_binMixSR0fjets_bin2,prop_binMixSR0fjets_bin2_In,prop_binMixSR0fjets_bin3,prop_binMixSR0fjets_bin3_In,prop_binMixSR0fjets_bin4,prop_binMixSR0fjets_bin4_In,prop_binMixSR0fjets_bin5,prop_binMixSR0fjets_bin5_In,prop_binMixSR0fjets_bin6,prop_binMixSR0fjets_bin6_In,prop_binMixSR0fjets_bin7,prop_binMixSR0fjets_bin7_In,prop_binMixSR0fjets_bin8,prop_binMixSR0fjets_bin8_In,prop_binMixSR0fjets_bin9,prop_binMixSR0fjets_bin9_In,prop_binMixSRatleast1fjets_bin0,prop_binMixSRatleast1fjets_bin0_In,prop_binMixSRatleast1fjets_bin1,prop_binMixSRatleast1fjets_bin1_In,prop_binMixSRatleast1fjets_bin2,prop_binMixSRatleast1fjets_bin2_In,prop_binMixSRatleast1fjets_bin3,prop_binMixSRatleast1fjets_bin3_In,prop_binMixSRatleast1fjets_bin4,prop_binMixSRatleast1fjets_bin4_In,prop_binMixSRatleast1fjets_bin5,prop_binMixSRatleast1fjets_bin5_In,prop_binMixSRatleast1fjets_bin6,prop_binMixSRatleast1fjets_bin6_In,prop_binMixSRatleast1fjets_bin7,prop_binMixSRatleast1fjets_bin7_In,prop_binMixSRatleast1fjets_bin8,prop_binMixSRatleast1fjets_bin8_In,prop_binMixSRatleast1fjets_bin9,prop_binMixSRatleast1fjets_bin9_In,prop_binMerSR0fjets_bin0,prop_binMerSR0fjets_bin0_In,prop_binMerSR0fjets_bin1,prop_binMerSR0fjets_bin1_In,prop_binMerSR0fjets_bin2,prop_binMerSR0fjets_bin2_In,prop_binMerSR0fjets_bin3,prop_binMerSR0fjets_bin3_In,prop_binMerSR0fjets_bin4,prop_binMerSR0fjets_bin4_In,prop_binMerSR0fjets_bin5,prop_binMerSR0fjets_bin5_In,prop_binMerSR0fjets_bin6,prop_binMerSR0fjets_bin6_In,prop_binMerSR0fjets_bin7,prop_binMerSR0fjets_bin7_In,prop_binMerSR0fjets_bin8,prop_binMerSR0fjets_bin8_In,prop_binMerSR0fjets_bin9,prop_binMerSR0fjets_bin9_In,prop_binMerSR0fjets_bin10,prop_binMerSR0fjets_bin10_In,prop_binMerSR0fjets_bin11,prop_binMerSR0fjets_bin11_In,prop_binMerSR0fjets_bin12,prop_binMerSR0fjets_bin12_In,prop_binMerSRatleast1fjets_bin0,prop_binMerSRatleast1fjets_bin0_In,prop_binMerSRatleast1fjets_bin1,prop_binMerSRatleast1fjets_bin1_In,prop_binMerSRatleast1fjets_bin2,prop_binMerSRatleast1fjets_bin2_In,prop_binMerSRatleast1fjets_bin3,prop_binMerSRatleast1fjets_bin3_In,prop_binMerSRatleast1fjets_bin4,prop_binMerSRatleast1fjets_bin4_In,prop_binMerSRatleast1fjets_bin5,prop_binMerSRatleast1fjets_bin5_In,prop_binMerSRatleast1fjets_bin6,prop_binMerSRatleast1fjets_bin6_In,prop_binMerSRatleast1fjets_bin7,prop_binMerSRatleast1fjets_bin7_In,prop_binMerSRatleast1fjets_bin8,prop_binMerSRatleast1fjets_bin8_In,prop_binMerSRatleast1fjets_bin9,prop_binMerSRatleast1fjets_bin9_In,prop_binMerSRatleast1fjets_bin10,prop_binMerSRatleast1fjets_bin10_In,prop_binMerSRatleast1fjets_bin11,prop_binMerSRatleast1fjets_bin11_In,prop_binMerSRatleast1fjets_bin12,prop_binMerSRatleast1fjets_bin12_In,prop_binAH_bin0,prop_binAH_bin0_In,prop_binAH_bin1,prop_binAH_bin1_In,prop_binAH_bin2,prop_binAH_bin2_In,prop_binAH_bin3,prop_binAH_bin3_In,prop_binAH_bin4,prop_binAH_bin4_In,prop_binAH_bin5,prop_binAH_bin5_In,prop_binAH_bin6,prop_binAH_bin6_In,prop_binAH_bin7,prop_binAH_bin7_In,prop_binAH_bin8,prop_binAH_bin8_In,prop_binAH_bin9,prop_binAH_bin9_In,prop_binAH_bin10,prop_binAH_bin10_In,prop_binAH_bin11,prop_binAH_bin11_In,prop_binAH_bin12,prop_binAH_bin12_In,prop_binSL_bin0,prop_binSL_bin0_In,prop_binSL_bin1,prop_binSL_bin1_In,prop_binSL_bin2,prop_binSL_bin2_In,prop_binSL_bin3,prop_binSL_bin3_In,prop_binSL_bin4,prop_binSL_bin4_In,prop_binSL_bin5,prop_binSL_bin5_In,prop_binSL_bin6,prop_binSL_bin6_In,prop_binSL_bin7,prop_binSL_bin7_In,prop_binSL_bin8,prop_binSL_bin8_In,prop_binSL_bin9,prop_binSL_bin9_In,prop_binSL_bin10,prop_binSL_bin10_In,prop_binSL_bin11,prop_binSL_bin11_In,prop_binSL_bin12,prop_binSL_bin12_In,prop_binAH1lWR_bin0,prop_binAH1lWR_bin0_In,prop_binAH1lWR_bin1,prop_binAH1lWR_bin1_In,prop_binAH1lWR_bin2,prop_binAH1lWR_bin2_In,prop_binAH1lWR_bin3,prop_binAH1lWR_bin3_In,prop_binAH1lWR_bin4,prop_binAH1lWR_bin4_In,prop_binAH1lWR_bin5,prop_binAH1lWR_bin5_In,prop_binAH1lWR_bin6,prop_binAH1lWR_bin6_In,prop_binAH1lWR_bin7,prop_binAH1lWR_bin7_In,prop_binAH1lWR_bin8,prop_binAH1lWR_bin8_In,prop_binAH1lWR_bin9,prop_binAH1lWR_bin9_In,prop_binAH1lWR_bin10,prop_binAH1lWR_bin10_In,prop_binAH1lWR_bin11,prop_binAH1lWR_bin11_In,prop_binAH1lWR_bin12,prop_binAH1lWR_bin12_In,prop_binAH0lZR_bin0,prop_binAH0lZR_bin0_In,prop_binAH0lZR_bin1,prop_binAH0lZR_bin1_In,prop_binAH0lZR_bin2,prop_binAH0lZR_bin2_In,prop_binAH0lZR_bin3,prop_binAH0lZR_bin3_In,prop_binAH0lZR_bin4,prop_binAH0lZR_bin4_In,prop_binAH0lZR_bin5,prop_binAH0lZR_bin5_In,prop_binAH0lZR_bin6,prop_binAH0lZR_bin6_In,prop_binAH0lZR_bin7,prop_binAH0lZR_bin7_In,prop_binAH0lZR_bin8,prop_binAH0lZR_bin8_In,prop_binAH0lZR_bin9,prop_binAH0lZR_bin9_In,prop_binAH0lZR_bin10,prop_binAH0lZR_bin10_In,prop_binAH0lZR_bin11,prop_binAH0lZR_bin11_In,prop_binAH0lZR_bin12,prop_binAH0lZR_bin12_In,ONE,r,WJets_norm,ZJets_norm) catParams=() ]
 message      : function value is NAN
 server values: params=(jer = 0 +/- 0,jer_In = 0,jesTotal = 0 +/- 0,jesTotal_In = 0,luminosity = 0 +/- 0,luminosity_In = 0,pu = 0 +/- 0,pu_In = 0,prop_binMixSR0fjets_bin0 = -0.0788558 +/- 1,prop_binMixSR0fjets_bin0_In = -0.0788549,prop_binMixSR0fjets_bin1 = -0.193887 +/- 1,prop_binMixSR0fjets_bin1_In = -0.193882,prop_binMixSR0fjets_bin2 = -0.412925 +/- 1,prop_binMixSR0fjets_bin2_In = -0.412919,prop_binMixSR0fjets_bin3 = -0.486511 +/- 1,prop_binMixSR0fjets_bin3_In = -0.486507,prop_binMixSR0fjets_bin4 = -0.439597 +/- 1,prop_binMixSR0fjets_bin4_In = -0.439597,prop_binMixSR0fjets_bin5 = -0.258363 +/- 1,prop_binMixSR0fjets_bin5_In = -0.258363,prop_binMixSR0fjets_bin6 = -0.0947715 +/- 1,prop_binMixSR0fjets_bin6_In = -0.0947715,prop_binMixSR0fjets_bin7 = -0.0868181 +/- 1,prop_binMixSR0fjets_bin7_In = -0.0868181,prop_binMixSR0fjets_bin8 = -0.0191154 +/- 1,prop_binMixSR0fjets_bin8_In = -0.0191154,prop_binMixSR0fjets_bin9 = -0.0232623 +/- 1,prop_binMixSR0fjets_bin9_In = -0.0232623,prop_binMixSRatleast1fjets_bin0 = -nan +/- 1,prop_binMixSRatleast1fjets_bin0_In = -0.125907,prop_binMixSRatleast1fjets_bin1 = -nan +/- 1,prop_binMixSRatleast1fjets_bin1_In = -0.0540419,prop_binMixSRatleast1fjets_bin2 = -nan +/- 1,prop_binMixSRatleast1fjets_bin2_In = -0.305233,prop_binMixSRatleast1fjets_bin3 = -nan +/- 1,prop_binMixSRatleast1fjets_bin3_In = -0.152606,prop_binMixSRatleast1fjets_bin4 = -nan +/- 1,prop_binMixSRatleast1fjets_bin4_In = -nan,prop_binMixSRatleast1fjets_bin5 = -nan +/- 1,prop_binMixSRatleast1fjets_bin5_In = -0.162581,prop_binMixSRatleast1fjets_bin6 = -nan +/- 1,prop_binMixSRatleast1fjets_bin6_In = -0.167271,prop_binMixSRatleast1fjets_bin7 = -nan +/- 1,prop_binMixSRatleast1fjets_bin7_In = -0.0948839,prop_binMixSRatleast1fjets_bin8 = -nan +/- 1,prop_binMixSRatleast1fjets_bin8_In = -0.126265,prop_binMixSRatleast1fjets_bin9 = -nan +/- 1,prop_binMixSRatleast1fjets_bin9_In = -0.0333149,prop_binMerSR0fjets_bin0 = -0.127907 +/- 1,prop_binMerSR0fjets_bin0_In = -0.127907,prop_binMerSR0fjets_bin1 = -0.175613 +/- 1,prop_binMerSR0fjets_bin1_In = -0.175613,prop_binMerSR0fjets_bin2 = -0.149109 +/- 1,prop_binMerSR0fjets_bin2_In = -0.149108,prop_binMerSR0fjets_bin3 = -0.10529 +/- 1,prop_binMerSR0fjets_bin3_In = -0.10529,prop_binMerSR0fjets_bin4 = -0.153485 +/- 1,prop_binMerSR0fjets_bin4_In = -0.153485,prop_binMerSR0fjets_bin5 = -0.120752 +/- 1,prop_binMerSR0fjets_bin5_In = -0.120752,prop_binMerSR0fjets_bin6 = -0.11917 +/- 1,prop_binMerSR0fjets_bin6_In = -0.11917,prop_binMerSR0fjets_bin7 = -0.0700066 +/- 1,prop_binMerSR0fjets_bin7_In = -0.0700066,prop_binMerSR0fjets_bin8 = -0.149082 +/- 1,prop_binMerSR0fjets_bin8_In = -0.149082,prop_binMerSR0fjets_bin9 = -0.109423 +/- 1,prop_binMerSR0fjets_bin9_In = -0.109423,prop_binMerSR0fjets_bin10 = -0.102756 +/- 1,prop_binMerSR0fjets_bin10_In = -0.102756,prop_binMerSR0fjets_bin11 = -0.033121 +/- 1,prop_binMerSR0fjets_bin11_In = -0.033121,prop_binMerSR0fjets_bin12 = -0.0721867 +/- 1,prop_binMerSR0fjets_bin12_In = -0.0721867,prop_binMerSRatleast1fjets_bin0 = -0.320051 +/- 1,prop_binMerSRatleast1fjets_bin0_In = -0.32005,prop_binMerSRatleast1fjets_bin1 = -0.185278 +/- 1,prop_binMerSRatleast1fjets_bin1_In = -0.185275,prop_binMerSRatleast1fjets_bin2 = -0.191585 +/- 1,prop_binMerSRatleast1fjets_bin2_In = -0.191581,prop_binMerSRatleast1fjets_bin3 = -0.218913 +/- 1,prop_binMerSRatleast1fjets_bin3_In = -0.218908,prop_binMerSRatleast1fjets_bin4 = -0.152655 +/- 1,prop_binMerSRatleast1fjets_bin4_In = -0.152653,prop_binMerSRatleast1fjets_bin5 = -0.195449 +/- 1,prop_binMerSRatleast1fjets_bin5_In = -0.195449,prop_binMerSRatleast1fjets_bin6 = -0.112479 +/- 1,prop_binMerSRatleast1fjets_bin6_In = -0.112478,prop_binMerSRatleast1fjets_bin7 = -0.0825727 +/- 1,prop_binMerSRatleast1fjets_bin7_In = -0.0825727,prop_binMerSRatleast1fjets_bin8 = -0.176838 +/- 1,prop_binMerSRatleast1fjets_bin8_In = -0.176838,prop_binMerSRatleast1fjets_bin9 = -0.119205 +/- 1,prop_binMerSRatleast1fjets_bin9_In = -0.119205,prop_binMerSRatleast1fjets_bin10 = -0.0391236 +/- 1,prop_binMerSRatleast1fjets_bin10_In = -0.0391236,prop_binMerSRatleast1fjets_bin11 = -0.0111931 +/- 1,prop_binMerSRatleast1fjets_bin11_In = -0.0111931,prop_binMerSRatleast1fjets_bin12 = -0.0466547 +/- 1,prop_binMerSRatleast1fjets_bin12_In = -0.0466547,prop_binAH_bin0 = -0.0109876 +/- 1,prop_binAH_bin0_In = -0.0109186,prop_binAH_bin1 = -0.02873 +/- 1,prop_binAH_bin1_In = -0.0286434,prop_binAH_bin2 = -0.0278557 +/- 1,prop_binAH_bin2_In = -0.0277665,prop_binAH_bin3 = -0.0316102 +/- 1,prop_binAH_bin3_In = -0.0315457,prop_binAH_bin4 = -0.0186797 +/- 1,prop_binAH_bin4_In = -0.0186437,prop_binAH_bin5 = -0.0409431 +/- 1,prop_binAH_bin5_In = -0.0409303,prop_binAH_bin6 = -0.0474012 +/- 1,prop_binAH_bin6_In = -0.0473935,prop_binAH_bin7 = -0.0492462 +/- 1,prop_binAH_bin7_In = -0.0492391,prop_binAH_bin8 = -0.0367296 +/- 1,prop_binAH_bin8_In = -0.0367237,prop_binAH_bin9 = -0.0663244 +/- 1,prop_binAH_bin9_In = -0.0663212,prop_binAH_bin10 = -0.105666 +/- 1,prop_binAH_bin10_In = -0.105663,prop_binAH_bin11 = -0.0981608 +/- 1,prop_binAH_bin11_In = -0.0981594,prop_binAH_bin12 = -0.140828 +/- 1,prop_binAH_bin12_In = -0.140827,prop_binSL_bin0 = -0.00300673 +/- 1,prop_binSL_bin0_In = -0.00299018,prop_binSL_bin1 = -0.0110422 +/- 1,prop_binSL_bin1_In = -0.0110276,prop_binSL_bin2 = -0.0146406 +/- 1,prop_binSL_bin2_In = -0.0146286,prop_binSL_bin3 = -0.0255861 +/- 1,prop_binSL_bin3_In = -0.0255778,prop_binSL_bin4 = -0.0390356 +/- 1,prop_binSL_bin4_In = -0.0390298,prop_binSL_bin5 = -0.0372725 +/- 1,prop_binSL_bin5_In = -0.0372693,prop_binSL_bin6 = -0.0301479 +/- 1,prop_binSL_bin6_In = -0.0301458,prop_binSL_bin7 = -0.0678379 +/- 1,prop_binSL_bin7_In = -0.067837,prop_binSL_bin8 = -0.047797 +/- 1,prop_binSL_bin8_In = -0.0477961,prop_binSL_bin9 = -0.0836869 +/- 1,prop_binSL_bin9_In = -0.0836853,prop_binSL_bin10 = -0.109236 +/- 1,prop_binSL_bin10_In = -0.109236,prop_binSL_bin11 = -0.054147 +/- 1,prop_binSL_bin11_In = -0.0541468,prop_binSL_bin12 = -0.156153 +/- 1,prop_binSL_bin12_In = -0.156153,prop_binAH1lWR_bin0 = 7 +/- 1,prop_binAH1lWR_bin0_In = 7,prop_binAH1lWR_bin1 = 7 +/- 1,prop_binAH1lWR_bin1_In = 7,prop_binAH1lWR_bin2 = 7 +/- 1,prop_binAH1lWR_bin2_In = 7,prop_binAH1lWR_bin3 = 7 +/- 1,prop_binAH1lWR_bin3_In = 7,prop_binAH1lWR_bin4 = 7 +/- 1,prop_binAH1lWR_bin4_In = 7,prop_binAH1lWR_bin5 = 7 +/- 1,prop_binAH1lWR_bin5_In = 7,prop_binAH1lWR_bin6 = 7 +/- 1,prop_binAH1lWR_bin6_In = 7,prop_binAH1lWR_bin7 = 7 +/- 1,prop_binAH1lWR_bin7_In = 7,prop_binAH1lWR_bin8 = 7 +/- 1,prop_binAH1lWR_bin8_In = 7,prop_binAH1lWR_bin9 = 7 +/- 1,prop_binAH1lWR_bin9_In = 7,prop_binAH1lWR_bin10 = 6.56728 +/- 1,prop_binAH1lWR_bin10_In = 6.56062,prop_binAH1lWR_bin11 = 2.81275 +/- 1,prop_binAH1lWR_bin11_In = 2.80986,prop_binAH1lWR_bin12 = 3.90079 +/- 1,prop_binAH1lWR_bin12_In = 3.89679,prop_binAH0lZR_bin0 = -0.0256312 +/- 1,prop_binAH0lZR_bin0_In = -0.0256302,prop_binAH0lZR_bin1 = -0.0405048 +/- 1,prop_binAH0lZR_bin1_In = -0.0405029,prop_binAH0lZR_bin2 = -0.022321 +/- 1,prop_binAH0lZR_bin2_In = -0.0223185,prop_binAH0lZR_bin3 = -0.0189457 +/- 1,prop_binAH0lZR_bin3_In = -0.0189429,prop_binAH0lZR_bin4 = -0.0476973 +/- 1,prop_binAH0lZR_bin4_In = -0.0476957,prop_binAH0lZR_bin5 = -0.0275941 +/- 1,prop_binAH0lZR_bin5_In = -0.027593,prop_binAH0lZR_bin6 = -0.0615962 +/- 1,prop_binAH0lZR_bin6_In = -0.0615962,prop_binAH0lZR_bin7 = -0.081807 +/- 1,prop_binAH0lZR_bin7_In = -0.0818071,prop_binAH0lZR_bin8 = -0.068522 +/- 1,prop_binAH0lZR_bin8_In = -0.0685221,prop_binAH0lZR_bin9 = -0.0431377 +/- 1,prop_binAH0lZR_bin9_In = -0.0431377,prop_binAH0lZR_bin10 = -0.0615338 +/- 1,prop_binAH0lZR_bin10_In = -0.0615338,prop_binAH0lZR_bin11 = -0.184179 +/- 1,prop_binAH0lZR_bin11_In = -0.184179,prop_binAH0lZR_bin12 = -0.139623 +/- 1,prop_binAH0lZR_bin12_In = -0.139623,ONE = 1,r = 0.000976562 +/- 0,WJets_norm = 1 +/- 0,ZJets_norm = 1 +/- 0), catParams=()

 -- AsymptoticLimits ( CLs ) --
Observed Limit: r < 2.0061

Done in 0.01 min (cpu), 0.01 min (real)
